,工作标题,工作链接,工作地点,薪资,年限,学历,公司名,公司链接,公司行业,融资情况,人数,标签,福利
0,数据分析师（周末双休）,/job_detail/672f833efcd691e81nJ83dS7FlJW.html,广州·天河区·天河公园,5-10K,1-3年,大专,云养邦,/gongsi/af2c36da3dad02841nN73Nu_GQ~~.html,电子商务,未融资,20-99人,"['Excel', '数据分析师', '数据分析', '数据统计', '数据挖掘', '数据', '分析']",零食下午茶，弹性工作，节日福利，周末双休，年终奖，餐补，午休2小时，员工旅游，定期体检，带薪年假，五险一金，加班补助
1,跨境电商数据分析师-双休-法定假期,/job_detail/b9e9c8a28899475e1XVy292_ElFQ.html,广州·白云区·石井,10-15K,3-5年,本科,广州盛为电子,/gongsi/9c8852fb4e9939e40nxy39S9.html,电子商务,未融资,100-499人,"['SQL', 'SPSS', 'SAS', 'Excel', '数据', '数据分析', '跨境电商']",全勤奖，餐补，年终奖，住房补贴，节日福利，零食下午茶，交通补助
2,数据分析,/job_detail/e2f855a50a3de5581Xd63Ni_GVBS.html,广州·天河区·员村,18-26K·13薪,5-10年,本科,益世界,/gongsi/fbef1b3b9d9dfab31nd53tS9EVQ~.html,游戏,不需要融资,500-999人,"['Python', '数据分析', '数据', '游戏']",全勤奖，餐补，年终奖，节日福利，员工旅游，零食下午茶，带薪年假，定期体检，包吃，五险一金
3,数据分析师,/job_detail/d6754d97b6724e391nJ73dy-GVBW.html,广州·白云区·广园路,7-12K,1-3年,本科,欧博,/gongsi/01b9df91bc8f10a11H163dW4.html,电子商务,未融资,1000-9999人,"['Excel', '数据分析', '电商数据', '电商财务', '财务数据']",餐补，包吃
4,数据分析师,/job_detail/cf710e448bb541f70HJ62t66FVQ~.html,广州·天河区·岗顶,12-17K,3-5年,本科,爱知之星,/gongsi/97a0809423ca67cb03Z63N0~.html,计算机软件,已上市,100-499人,"['SQL', '数据分析', '运营商', 'BI工程师', 'ORACLE', '数据开发']",餐补，加班补助，补充医疗保险，五险一金，零食下午茶，带薪年假，交通补助，通讯补贴，定期体检，年终奖，股票期权，节日福利
5,数据分析师,/job_detail/8d268277096cdec90Xd809S7EVA~.html,广州,20-35K·15薪,1-3年,本科,广州智品网络科技公司,/gongsi/aab61fcbea18ed1c0XR_3Nq6.html,移动互联网,A轮,100-499人,"['数据分析', '商业数据分析', '产品思维']",定期体检，五险一金
6,数据分析师,/job_detail/853ce0f783787e501nR73t60GVJX.html,广州·天河区·元岗,10-11K,1-3年,本科,智汇基因,/gongsi/eece8b9ab9867db21nZ62Ny4FFI~.html,学术/科研,,0-20人,"['数据分析', 'R语言', 'R', '数据挖掘', 'Java', 'Perl', 'Python']",
7,数据分析师,/job_detail/b06432e4198b1fa91XV53d24GVpW.html,广州·黄埔区·知识城,7-10K·13薪,3-5年,本科,六维教育,/gongsi/e403f81f2b1cbefb0nN_3dy8Fw~~.html,培训机构,未融资,100-499人,['数据分析'],股票期权，个人成长课程，全勤奖，交通补助，节日福利，带薪年假，五险一金，年终奖，定期体检，补充医疗保险，零食下午茶，餐补，通讯补贴，住房补贴，员工旅游
8,数据分析师【2022届校招】,/job_detail/cef91c914926b3ee1nN_29S-E1tW.html,广州·番禺区·番禺广场,15-25K·16薪,在校/应届,本科,BIGO,/gongsi/d1539fda413000a10XB-0tW6.html,移动互联网,已上市,1000-9999人,['数据'],住房补贴，五险一金，补充医疗保险，定期体检，全勤奖，带薪年假，股票期权，年终奖
9,数据分析师,/job_detail/f7e5e43700013ac51nxz2dW0FFQ~.html,广州·黄埔区·荔联,5-6K·13薪,1-3年,本科,协手,/gongsi/47523289bc670b731HR_29m8.html,电子商务,天使轮,20-99人,"['数据分析', '系统运维', '数据架构']",带薪年假，节日福利，加班补助，员工旅游，零食下午茶
10,数据分析师,/job_detail/a2b56ba97a8dce561XR83ty0EVVQ.html,广州·黄埔区·科学城,10-15K·13薪,1-3年,本科,伟宏智能,/gongsi/e4bb088fc31f7b481HZ72d-0EQ~~.html,计算机软件,未融资,20-99人,"['SQL', '数据分析']",五险一金，带薪年假，补充医疗保险，补充医疗保险，定期体检，带薪年假，股票期权，员工旅游，年终奖，股票期权，交通补助，交通补助，定期体检，五险一金，年终奖，员工旅游
11,高级数据分析师,/job_detail/eeca415063d6750f1nR82t-0FVtQ.html,广州·荔湾区·芳村,18-30K·14薪,5-10年,本科,未来一手网络科技...,/gongsi/ffa136fbf2c92fc91nx73N2-EFY~.html,电子商务,C轮,500-999人,"['数据分析', '数据治理']",零食下午茶，带薪年假，员工旅游，定期体检，餐补，五险一金，年终奖，股票期权，节日福利，加班补助
12,数据分析师,/job_detail/3fd2fa6bd306e73c1n1809i4FFtV.html,广州,5-8K,1-3年,大专,广州景煜电子商务,/gongsi/d32762b3216ea73903Jz2961Ew~~.html,电子商务,未融资,20-99人,"['Excel', 'Python', 'SQL', '电商数据分析', 'Tableau/BI', '数据分析']",零食下午茶，节日福利，员工旅游，社保五险，年终奖，全勤奖，带薪年假，定期体检
13,高级数据分析师,/job_detail/6559b0a2da3ca1601XV73ty-ElVR.html,广州,23-35K,5-10年,本科,网易,/gongsi/38bd5c757efa4ab6331z.html,移动互联网,已上市,10000人以上,"['Python', 'Hadoop', '数据分析', '业务数据分析', '用户数据分析', '营收数据分析']",补充医疗保险，免费班车，全勤奖，包吃，定期体检，五险一金，节日福利，带薪年假，年终奖
14,高级用户数据分析师,/job_detail/f0077733a2853a501nZ539-5E1BW.html,广州·海珠区·琶洲,12-22K·13薪,1-3年,本科,逸仙电商,/gongsi/83def44850f7005a1HB90tS7.html,电子商务,已上市,1000-9999人,"['数据分析', '数据体系']",年底双薪，零食下午茶，带薪年假，免费班车，定期体检，全勤奖，员工旅游，节日福利，五险一金，月度绩效奖金，包吃
15,资深/高级数据分析师,/job_detail/9a6153d18091ca931nRz3Nm6GFBW.html,广州·天河区·小新塘,20-40K·16薪,5-10年,本科,网易游戏,/gongsi/378e32b74df25c2c1XRy2N2_FFA~.html,游戏,已上市,10000人以上,"['数据分析', '数据挖掘']",交通补助，节日福利，股票期权，定期体检，员工旅游，补充医疗保险，免费班车，年终奖，包吃，带薪年假，餐补，五险一金
16,数据分析师、主管、经理、总监,/job_detail/b67289ce6b81ba921nV52di8FlBQ.html,广州·番禺区·长隆,25-50K·16薪,经验不限,本科,wlaike,/gongsi/ac7ae720415934151HV_2t6-Ew~~.html,互联网,C轮,100-499人,['数据分析'],交通补助，员工旅游，零食下午茶，股票期权，加班补助，定期体检，年终奖，节日福利，通讯补贴，带薪年假，住房补贴，补充医疗保险，五险一金，包吃，餐补，全勤奖
17,高级数据分析师（双休+五险一金）,/job_detail/e8a1e45cee90299c1n1-3dS4FltV.html,广州·海珠区·江南大道,15-25K,5-10年,本科,大白,/gongsi/3182d06154bfdb511nx52t-4Fw~~.html,日化,A轮,100-499人,"['Excel', 'Python', '数据分析', 'powerBI']",定期体检，节日福利，周末双休，带薪年假，年终奖，零食下午茶，五险一金，员工旅游
18,高级数据分析师,/job_detail/f61c25fa7689b2603nB83dq8FVM~.html,广州·天河区·天河北,10-15K·14薪,3-5年,本科,威纳信息,/gongsi/80ef4e30f1b07ec51nx-0t-8FVo~.html,移动互联网,未融资,100-499人,"['SPSS', '大数据', '咨询领域', '数据分析']",
19,数据分析师,/job_detail/46025d6671c0e5601Hx509q8GFM~.html,广州·越秀区·岭南,7-12K,3-5年,大专,影子数据,/gongsi/060b942557d580881nV909-0Ew~~.html,数据服务,未融资,20-99人,"['数据分析', 'tableau', '数据挖掘']",交通补助，五险一金，带薪年假，住房补贴，全勤奖，餐补，年终奖，员工旅游，节日福利，通讯补贴
20,数据分析师（自动驾驶） (MJ013359),/job_detail/6f720e4d5491bdfa1XZ_39i-E1ZX.html,广州·天河区·岑村,15-25K·15薪,1-3年,本科,小鹏汽车,/gongsi/1ab3d8fb705b4da303Z83Nm1.html,汽车生产,已上市,10000人以上,"['Python', 'SQL', '数据分析']",定期体检，股票期权，节日福利，餐补，带薪年假，包吃，年终奖，补充医疗保险，五险一金
21,数据分析师,/job_detail/87a605aad1603b1d1nN42960GVZW.html,广州·越秀区·东风东,12-18K·13薪,1-3年,本科,佰聆数据,/gongsi/14014cb788ee601b03V43t-9GA~~.html,互联网,不需要融资,500-999人,"['数据分析', '数据挖掘', 'Python', 'SQL']",餐补，定期体检，通讯补贴，节日福利，年终奖，带薪年假，补充医疗保险，五险一金
22,数据分析师,/job_detail/9503e6be9b9ec1e01nV_39i7EVpR.html,广州·海珠区·琶洲,6-7K,1-3年,大专,博骏传媒,/gongsi/a19eaa20dbb042771nV_0t2_FA~~.html,媒体,未融资,20-99人,"['数据分析', '商业分析']",补充医疗保险，带薪年假，五险一金，餐补，通讯补贴，员工旅游，节日福利，零食下午茶
23,数据分析师,/job_detail/5809b7c0d1e3def51nR63tS_FVVR.html,广州·海珠区·赤岗,30-35K,3-5年,本科,腾讯,/gongsi/2e64a887a110ea9f1nRz.html,互联网,不需要融资,10000人以上,"['数据分析', '数据仓库', 'SQL', 'BI', '商业分析', 'Python']",年终奖，带薪年假，员工旅游，股票期权，餐补，免费早晚餐，住房补贴，节日福利，交通补助，五险一金，零食下午茶，公仔周边活动，补充医疗保险，免费班车，包吃，定期体检，免费健身房
24,数据分析师,/job_detail/f7da23762fd510b21XR52tS0ElM~.html,广州·天河区·棠下,10-15K,3-5年,本科,酷狗音乐,/gongsi/0f327133d869f4991nd-.html,互联网,已上市,1000-9999人,"['数据分析', '数据挖掘', 'SQLServer']",带薪年假，包吃，节日福利，五险一金，零食下午茶，年终奖，股票期权，定期体检，餐补，补充医疗保险
25,数据分析师,/job_detail/4137958b72153a731XV_2tm-ElNQ.html,广州,10-15K·14薪,3-5年,本科,南方+,/gongsi/161e69305d99bedc1nF-3du5FQ~~.html,移动互联网,不需要融资,100-499人,"['Java', 'Scala', 'SQL', 'Excel', 'Hive', '数据分析', '数据统计', '数据指标']",五险一金，餐补，年终奖，带薪年假，加班补助，定期体检，通讯补贴，交通补助
26,数据分析师,/job_detail/e4546afc784de36f33Z62NS7EVI~.html,广州·越秀区·五羊新城,6-9K,1-3年,大专,怡铭文化,/gongsi/310d4b71e2f195a133N82Nq8Fw~~.html,音乐/视频/阅读,天使轮,20-99人,"['数据分析', '商业分析', 'Python', 'SQL', 'R语言', '网络爬虫技术']",节日福利，年终奖，五险一金，带薪年假，股票期权
27,行业数据分析师（实习）,/job_detail/d42da9fcc6d5015b0HR92Ni5GVI~.html,广州·越秀区·中山六路,80-100元/天,5天/周6个月,本科,阿戴普,/gongsi/50bd753caa84fae31nZ439u1FA~~.html,咨询,不需要融资,0-20人,"['数据分析', '行业分析', '行业报告撰写', '田野调查', '政策研究', '数据统计与分析']",
28,数据处理专员/数据分析师/数据研究员,/job_detail/c057ba25da387c650n1y2t20E1I~.html,广州·白云区·同和,5-9K,经验不限,本科,久久健康科技,/gongsi/fcbcedd91a7a7e6e03x729W5EA~~.html,食品/饮料/烟酒,A轮,20-99人,['数据分析'],五险一金，股票期权，通讯补贴，住房补贴，年终奖，带薪年假，交通补助
29,数据分析师,/job_detail/7b6a83447adc34b61Xd609m4EVVV.html,广州·海珠区·琶洲,150-200元/天,5天/周6个月,本科,明略科技,/gongsi/579fa7c76f87da121XRy2tw~.html,互联网,D轮及以上,1000-9999人,"['大数据', '数据分析', '营销研究']",加班补助，交通补助，定期体检，带薪年假，补充医疗保险，零食下午茶，年终奖，五险一金
30,数据分析师,/job_detail/7b6a83447adc34b61Xd609m4EVVV.html,广州·海珠区·琶洲,150-200元/天,5天/周6个月,本科,明略科技,/gongsi/579fa7c76f87da121XRy2tw~.html,互联网,D轮及以上,1000-9999人,"['大数据', '数据分析', '营销研究']",加班补助，交通补助，定期体检，带薪年假，补充医疗保险，零食下午茶，年终奖，五险一金
31,数据分析师 - 直播,/job_detail/135a08288f56de991XZ62di6EVpR.html,广州·海珠区·琶洲,30-50K·15薪,3-5年,本科,今日头条,/gongsi/a67b361452e384e71XV82N4~.html,移动互联网,D轮及以上,10000人以上,"['Python', 'SQL', 'R', 'Spark', 'Hive', '因子分析', '回归分析', '相关分析']",员工旅游，定期体检，免费班车，补充医疗保险，带薪年假，年终奖，节日福利，通讯补贴，包吃，股票期权，加班补助，交通补助，五险一金，全勤奖，住房补贴，零食下午茶
32,数据分析师,/job_detail/5808b39104ca5d471n1y0t25FFVQ.html,广州·海珠区·客村,13-20K,经验不限,本科,药师帮,/gongsi/2e99ed3130664dce0nJ82dS_.html,互联网,D轮及以上,1000-9999人,"['Excel', 'SPSS', 'SQL', 'Python']",五险一金，节日福利，员工旅游，加班补助，股票期权
33,数据分析师,/job_detail/b9b8ecb62ac8a8aa1XV53t--GFBQ.html,广州·天河区·小新塘,10-13K·13薪,3-5年,本科,数源智汇,/gongsi/ec9315b998a5b1661n1y0tq8EFA~.html,计算机软件,A轮,100-499人,"['商业数据分析', '电商数据分析']",节日福利，带薪年假，年终奖，股票期权，商业保险，五险一金，员工旅游
34,数据分析师,/job_detail/027c1e8e00d9d0491n163Ni8GFdX.html,广州·天河区·棠下,6-11K·13薪,1年以内,本科,帝诺科技,/gongsi/b596a7937150ad161n1729W6E1U~.html,互联网,,20-99人,"['SQL', '相关分析', 'Excel', 'R', 'SPSS', 'Python']",全勤奖，员工旅游，零食下午茶，五险一金，加班补助，节日福利，带薪年假，年终奖，餐补
35,数据分析师,/job_detail/8a9bc29367022f0d1XZ639q6ElpW.html,广州·天河区·棠下,6-11K,1-3年,本科,萌友游戏,/gongsi/ff32b623be8f1f5d1nxy3tS8GQ~~.html,游戏,未融资,100-499人,"['SQL', 'Python', 'SPSS', 'Excel']",带薪年假，零食下午茶，全勤奖，员工旅游，加班补助，五险一金，餐补，交通补助，节日福利，定期体检，年终奖
36,数据分析师,/job_detail/ca0c70a6c5d280f61nx_2t67FFNX.html,广州·番禺区·大学城,10-11K,在校/应届,硕士,巴州瑶光财务,/gongsi/90725061de381f4c1n162Ny9E1I~.html,数据服务,,20-99人,"['SPSS', 'R', 'Stata', 'Matlab', 'ROC分析', '效度分析', '信度分析', '非参数检验']",
37,数据分析师,/job_detail/b669bf52a05181bd1nN43tS1GVFX.html,广州·海珠区·客村,9-14K,1-3年,本科,青木科技,/gongsi/0ad54882c70985481n1z2dQ~.html,电子商务,不需要融资,1000-9999人,"['Python', 'SPSS', 'SAS', 'MATLAB', '广告数据', '人群分析', '品牌资产', '销售预测']",年终奖，员工旅游，餐补，节日福利，定期体检，零食下午茶，五险一金，带薪年假，全勤奖
38,数据分析师,/job_detail/3d9d6c8b49aadc6a1nVz09u8EVdS.html,广州·番禺区·华南,10-11K,3-5年,本科,拓漫途,/gongsi/cd43ce86ec5ebb181nd809i8EVE~.html,电子商务,,20-99人,['Python'],
39,数据分析师,/job_detail/7b7aacc77f441e121XR_3961GFJX.html,广州·天河区·天平架,9-14K,1-3年,大专,悦跑圈,/gongsi/4287f0f8306e72e31nN92dy4.html,移动互联网,C轮,100-499人,"['Python', 'SQL', 'Hive']",节日福利，零食下午茶，带薪年假，餐补，全勤奖，五险一金，定期体检
40,数据分析师,/job_detail/1bf46811919192321XV5292_FlRV.html,广州·天河区·天河公园,15-30K·13薪,3-5年,大专,中顺网络,/gongsi/26c5ae43dbf6ab071HZ73di8.html,游戏,未融资,100-499人,['SQL'],节日福利，全勤奖，五险一金，餐补，年终奖，带薪年假，团建
41,数据分析师,/job_detail/1c8ea43865e198801XZ629-0GFNQ.html,广州·天河区·天河公园,8-12K,1-3年,本科,瑞天欣实,/gongsi/60f7ed621bb25e981nR_2N6-Ew~~.html,数据服务,A轮,100-499人,"['Python', 'SQL', 'SAS']",带薪年假，年终奖，五险一金，交通补助，节日福利，餐补
42,数据分析师,/job_detail/df67954886842dd31nJ43tm1F1ZV.html,广州·天河区·时尚天河,12-18K,3-5年,本科,南方电网大数据,/gongsi/c91c3bfd50be03a91nxz39m4EVE~.html,电力/热力/燃气/水利,不需要融资,1000-9999人,"['SQL', 'Python', 'Excel', 'Matplotlib', 'NumPy']",五险一金，定期体检，带薪年假
43,数据分析师,/job_detail/55c15339736ace6d1nN50tS6ElFQ.html,广州·番禺区·南村,10-15K,3-5年,大专,玖泽,/gongsi/2480f1956dd904741nd73Nq-Els~.html,贸易/进出口,,1000-9999人,"['SQL', 'Python', 'SPSS']",补充医疗保险，员工旅游，节日福利，五险一金，带薪年假
44,数据分析师,/job_detail/eab16d3008f4524a1XR73t-6FFNQ.html,广州·天河区·珠江新城,15-20K·13薪,1-3年,本科,毓秀科技,/gongsi/d7d0191f824a8b8b1nd62969F1s~.html,数据服务,未融资,20-99人,"['Python', 'R', 'INFOSYS', 'SPSS']",年终奖，加班补助，零食下午茶，股票期权，餐补，五险一金，带薪年假，员工旅游，节日福利，周末双休
45,数据分析师,/job_detail/59eebf05bbef9a511XZ939q6ElJQ.html,广州·天河区·珠江新城,25-40K,5-10年,本科,北京字节跳动,/gongsi/7d01ce6cfe2022030HJ409y-.html,移动互联网,D轮及以上,10000人以上,"['Python', 'SQL', '因子分析']",股票期权，补充医疗保险，餐补，嘀嘀打车，法定节假日三薪，零食下午茶，夜班补助，五险一金，带薪年假，加班补助，有无线网，住房补贴，免费健身房，年终奖，定期体检，节日福利
46,数据分析师,/job_detail/8afc3fb542feeb6f1XZz3tm6GFZQ.html,广州·越秀区·环市东,11-22K,3-5年,本科,索信达,/gongsi/6fc4e780a4cb22a11HF80tW7.html,数据服务,已上市,500-999人,"['Python', 'SQL', 'SAS']",定期体检，节日福利，婚育礼金，餐补，五险一金，零食下午茶，年终奖，补充医疗保险，带薪年假
47,数据分析师,/job_detail/404c315da76b60dd1nJ_2tm4EFNR.html,广州,12-20K·14薪,经验不限,本科,数说故事,/gongsi/2da27d046163a2b803N90t67.html,互联网,C轮,500-999人,"['数据分析师 ', '商业数据分析', '市场调查与研究', '数据挖掘', '市场数据分析', '市场调研', '商业洞察', '消费洞察']",员工旅游，五险一金，带薪年假，年终奖，零食下午茶，定期体检，节日福利
48,数据分析师,/job_detail/a9b2411ef0df77c81nB_0t26EFBR.html,广州,8-10K,3-5年,本科,广州丰石科技,/gongsi/b5db64d33ca5f4fe1Hd83Nw~.html,移动互联网,A轮,100-499人,"['Python', 'Shell', 'Hadoop', 'Spark', 'HDFS', 'Excel', 'Hive']",节日福利，零食下午茶，股票期权，带薪年假，补充医疗保险，五险一金，定期体检，员工旅游
49,数据分析师,/job_detail/e4f59dd771b42c461nF53du9GVNX.html,广州·天河区·跑马场,20-30K·18薪,1-3年,硕士,广发证券,/gongsi/1b3e8153ffa558b41XZ42dW7.html,互联网金融,已上市,10000人以上,"['Excel', 'SQL', 'Hadoop']",节日福利，餐补，补充医疗保险，通讯补贴，定期体检，五险一金，包吃，员工旅游，带薪年假，年终奖
50,数据分析师,/job_detail/e95395e43ce46f0b1XV829W0E1FX.html,广州·天河区·体育中心,12-20K·13薪,3-5年,本科,泽恩科技,/gongsi/c1eb63139d9dcd9c1nFy2tq7EA~~.html,计算机软件,未融资,20-99人,"['Python', 'SQL', 'Excel']",股票期权，定期体检，节日福利，员工旅游，全勤奖，五险一金，年终奖，带薪年假，交通补助，零食下午茶，加班补助
51,数据分析师,/job_detail/29056739e1c2d9ce1XR43tm5F1dQ.html,广州·番禺区·南村,15-25K,5-10年,本科,SHEIN,/gongsi/f39e03e2703fb7b21n1z0926GFI~.html,电子商务,D轮及以上,10000人以上,"['SQL', 'Excel', 'Tableau']",零食下午茶，节日福利，带薪年假，定期体检，五险一金，加班补助，补充医疗保险，年终奖
52,数据分析师,/job_detail/6c93bdf83deebde71XR_2dq6F1RW.html,广州·天河区·跑马场,15-20K,1-3年,本科,北京资采,/gongsi/52a09040b9ddd6711HJ_0t4~.html,通信/网络设备,B轮,100-499人,"['SQL', '描述统计', '方差分析', '因子分析', '决策树', 'SPSS', 'Tableau', 'Power BI']",定期体检，股票期权，加班补助，节日福利，年终奖，带薪年假，五险一金
53,数据分析师,/job_detail/b9c4fb71ee7d8f3f1XV83d-0F1FS.html,广州·天河区·体育中心,15-20K·13薪,3-5年,本科,BBGAME,/gongsi/d4b26eb763ed45ad0XZ_29-0.html,游戏,不需要融资,100-499人,"['Python', 'SQL']",定期体检，交通补助，员工旅游，零食下午茶，带薪年假，生日礼金，五险一金，餐补，节日福利，年终奖，绩效奖金
54,数据分析师,/job_detail/a7939af866c522141nJy2ty4EFJR.html,广州·荔湾区·茶滘,10-15K·13薪,3-5年,本科,今大福,/gongsi/a9a0dc8ddcc3173a03F60ty-Fg~~.html,食品/饮料/烟酒,未融资,100-499人,"['Excel', 'Python', 'SQL']",带薪年假，存茶福利，定期体检，五险一金，节日福利，员工旅游，餐补
55,数据分析师,/job_detail/ddb7b085add22b2b1XRz2t--FVtQ.html,广州·海珠区·赤岗,7-12K·13薪,经验不限,本科,九章量化,/gongsi/5d2951ddc6e86dca1XR529i_FlA~.html,数据服务,A轮,100-499人,"['Python', '方差分析', '回归分析', 'SPSS', 'Excel', 'R', 'Stata']",五险一金
56,数据分析师,/job_detail/787327728e3bbb171XVy2dm9GVVQ.html,广州·越秀区·东风东,11-17K,1-3年,本科,武大吉奥,/gongsi/26274c8bdb2c4b920HR529S0.html,计算机软件,未融资,1000-9999人,"['Python', 'Spark', 'Hadoop', 'HDFS', 'ArcGIS']",员工旅游，补充医疗保险，餐补，五险一金，零食下午茶，交通补助，定期体检，通讯补贴，节日福利，年终奖，全勤奖，加班补助，带薪年假
57,数据分析师,/job_detail/f4680d707cadf9911XZ70tm0FlBW.html,广州·黄埔区·科学城,15-25K·13薪,3-5年,本科,豌豆思维,/gongsi/41d61df6493d073f0nJ_39u4.html,在线教育,C轮,1000-9999人,"['Python', 'SQL', 'Power BI', '回归分析', '因子分析', '描述统计', '相关分析']",节日福利，餐补，五险一金，零食下午茶，员工旅游，股票期权，带薪年假，定期体检，加班补助，年终奖，交通补助
58,数据分析师,/job_detail/1f59403a0e4d00ca1XR82NS-E1RR.html,广州·天河区·体育中心,10-15K,1-3年,大专,开课吧,/gongsi/c7cf8f5b4b7e1a271nZ42Ng~.html,互联网,B轮,1000-9999人,"['SQL', 'Power BI', 'Tableau', 'Excel']",免费班车，员工旅游，年终奖，五险一金，节日福利，股票期权，带薪年假，定期体检
59,数据分析师,/job_detail/c8c0ca7694fa3e011nx93925FVFR.html,广州·天河区·棠下,11-20K,1-3年,本科,六一教育,/gongsi/10f099df0e5f303903R40t2-Fg~~.html,在线教育,B轮,1000-9999人,"['SQL', 'Hadoop', 'Hbase', 'Kafka', 'Tableau', 'ECharts', 'Pandas', 'Power BI']",交通补助，带薪年假，餐补，通讯补贴，定期体检
60,高级数据分析师,/job_detail/afae71bd41a3bbb403N53t26E1c~.html,广州,15-30K,3-5年,本科,高奈特,/gongsi/6b7e124b750d22371nNz0tQ~.html,互联网,已上市,100-499人,"['需求分析', '数据建模', '数据挖掘']",节日福利，年终奖，零食下午茶，五险一金，学习提升，加班补助，带薪年假，定期体检，团建活动，交通补助，员工旅游，全勤奖，通讯补贴，生日福利，补充医疗保险
61,高级数据分析师,/job_detail/b3d26917bbb8072503N62N-8GFc~.html,广州·番禺区·长隆,25-40K·13薪,3-5年,本科,虎牙,/gongsi/1e988843578a18b03n1439s~.html,互联网,已上市,1000-9999人,"['数据建模', '行业分析', 'SQL']",定期体检，五险一金，带薪年假，餐补，补充医疗保险，节日福利，加班补助，员工旅游，股票期权，年终奖
62,数据分析师,/job_detail/4231f7225391b81f1nd729i6E1NR.html,广州·天河区·五山,4-9K,经验不限,大专,巴博瑞汽车配件,/gongsi/7fc67402696a52291ndz09u1GFE~.html,汽车零部件,未融资,100-499人,"['Python', 'SPSS', 'Matlab', 'Excel', '大数据', '汽车配件', '电商运营', '平台运营']",定期体检，带薪年假，住房补贴，员工旅游，补充医疗保险，五险一金，餐补，通讯补贴，交通补助，节日福利，年终奖，全勤奖
63,数据分析师,/job_detail/d4d87ea5f56420f91XVy0t-4EVZQ.html,广州·番禺区·钟村,5-7K,1-3年,大专,方欣科技有限公司,/gongsi/c11fed3b5d82fbcd03J72N24EQ~~.html,计算机软件,已上市,1000-9999人,"['数学/统计相关专业', '金融行业数据相关经验', '数据分析/挖掘经验']",员工旅游，交通补助，餐补，加班补助，五险一金，餐补，免费班车，节日福利，带薪年假
64,数据分析师,/job_detail/ca182f583a8e62131nFy3di8FFBW.html,广州·黄埔区·中心城,10-11K,1-3年,本科,禾信仪器,/gongsi/0cb59141d7dd54031XB_2di1Fw~~.html,仪器仪表/工业自动化,已上市,500-999人,['Excel'],补充医疗保险，节日福利，年终奖，五险一金，零食下午茶，带薪年假，全勤奖，餐补，定期体检，股票期权，员工旅游，免费班车，通讯补贴
65,Python数据分析师,/job_detail/f9bfc8cbf556720d1XV829m0FFJR.html,广州·番禺区·南村,6-8K,1-3年,大专,广州汇员帮信息科技,/gongsi/459bc32d3aed55f51nx62ty8GVU~.html,移动互联网,天使轮,20-99人,"['Pandas', 'Python', 'SQL']",五险一金，带薪年假，全勤奖
66,powerBI数据分析师-兼职,/job_detail/e3d235228bf3bb921XRz09y-FVNW.html,广州·天河区·元岗,2-6K,1-3年,本科,万云电商,/gongsi/4d0782117373f1280HF40t-_FQ~~.html,电子商务,未融资,20-99人,"['SQL', 'Power BI', 'Tableau']",
67,进销存数据分析师,/job_detail/91735ccd128f8fce1XV73961EVpQ.html,广州,12-15K·13薪,3-5年,本科,阿道夫,/gongsi/fb4c3f0c6ea512171XZ80ti8Fw~~.html,日化,未融资,500-999人,"['Excel', 'Tableau']",年终奖，零食下午茶，带薪年假，五险一金，餐补，员工旅游，全勤奖，免费体检，通讯补贴，节日福利，加班补助，定期体检
68,数据分析师（业务方向）,/job_detail/e5db9204aa3947b91XV53N6_GFRQ.html,广州·白云区·石井,15-20K·13薪,3-5年,本科,广州棒谷,/gongsi/b12e05d8975b2d8603R-2t4~.html,电子商务,未融资,1000-9999人,"['Python', 'SQL', '相关分析']",免费班车，带薪年假，年终奖，全勤奖，加班补助，零食下午茶，五险一金，节日福利，餐补
69,实习生（数据分析师方向）,/job_detail/0e487ee7d0ec995c1nF-3t-0GVpW.html,广州·海珠区·琶洲,100-200元/天,5天/周6个月,本科,信安数据,/gongsi/56645005e384b5791nd83Nq6Fw~~.html,数据服务,A轮,100-499人,"['Python', 'Java', 'SPSS']",通讯补贴，零食下午茶，带薪年假，定期体检，年终奖，节日福利，五险一金
70,数据分析师（跨境电商）,/job_detail/7ee584a7871daa0a1XRz3tS5EFdV.html,广州,6-11K,1-3年,本科,思帆信息科技有限公司,/gongsi/0cf9afc2a132e5461Xd83tu6EQ~~.html,电子商务,不需要融资,100-499人,"['Python', 'Excel', 'R', 'Spark', 'Hive', 'Pandas', 'SPSS', 'Presto']",零食下午茶，节日福利，餐补，带薪年假，五险一金，年终奖，加班补助
71,SPSS数据分析师(兼职),/job_detail/f155a3069340c0d61nZ73Nm7EVJX.html,广州·越秀区·建设路,4-5K,1-3年,硕士,智鸣科技,/gongsi/ad12c949849eb4371nd_09i_FVI~.html,电子商务,未融资,100-499人,"['R', 'SPSS', 'Stata']",年终奖，交通补助，带薪年假，餐补，股票期权，节日福利，零食下午茶，住房补贴，员工旅游，五险一金
72,数据分析师（服装销售）,/job_detail/a24f1bf756e5ac391XVz3N25FltQ.html,广州·番禺区·南村,8-13K,经验不限,大专,SHEIN,/gongsi/6a149cb48ebe0d3b1HZ43t20Eg~~.html,电子商务,D轮及以上,10000人以上,"['SQL', 'Excel', 'Tableau']",带薪年假，定期体检，年终奖，五险一金，节日福利，股票期权，零食下午茶，员工旅游，餐补
73,高级数据分析师,/job_detail/884e80c635645e951nN43tS_GVZV.html,广州·天河区·东圃,13-18K·13薪,3-5年,大专,壹邦健康产业集团,/gongsi/186dc8899e02974a1XR62tm-FFs~.html,医疗/护理/卫生,未融资,1000-9999人,"['Hadoop', 'hive', 'tableau;']",节日福利，免费班车，五险一金，带薪年假，零食下午茶，员工旅游
74,【外企独角兽 remote】数据分析师,/job_detail/84f6f36682797b781XZz09u4FVJQ.html,广州·越秀区·北京路,30-50K,3-5年,本科,捷瑞网络技术,/gongsi/1a61200012cc861633x909y7Ew~~.html,移动互联网,C轮,500-999人,"['Java', 'Python', 'SQL', 'SAS', 'Matlab']",股票期权，带薪年假，定期体检，员工旅游，年终奖，节日福利，通讯补贴，五险一金
75,数据分析师（朝十晚七）,/job_detail/dd15f6a46f15eba61XV52t2-F1FS.html,广州·天河区·东圃,5-8K,经验不限,大专,中职通教育,/gongsi/ec5c7566d6d522c033V53Nm8EA~~.html,在线教育,未融资,500-999人,"['Python', 'Excel', 'PBI', 'Mysql', 'SQL']",生日福利，节日福利，员工旅游，五险一金，带薪年假，零食下午茶，年终奖
76,高级数据分析师（供应链方向）,/job_detail/73caec7a4c3edf681n173d-7E1NX.html,广州·海珠区·广州大道南,15-28K·13薪,3-5年,本科,全量全速,/gongsi/9e9cba2b0e4585bd33F839W4EQ~~.html,电子商务,B轮,500-999人,"['Python', 'SQL', 'SAS']",带薪年假，五险一金，补充医疗保险，节日福利，定期体检，零食下午茶
77,数据分析师,/job_detail/3ac6472d5392c0b21nN-3NS4F1ZR.html,广州,15-25K,1-3年,本科,信用生活,/gongsi/ffccc4ab2ce8950a1nN-29W6Ew~~.html,互联网金融,A轮,20-99人,"['Python', 'SAS', '零售信贷', '银行']",团建聚餐，节日福利，零食下午茶，带薪年假，年终奖，五险一金，股票期权，住房补贴，定期体检，周末双休，生日福利，出差补贴
78,资深数据分析师(业务分析) (MJ000992),/job_detail/a1e4ce7dbbd81a001XZ62Nq0FFRQ.html,广州·天河区·员村,20-40K·15薪,3-5年,本科,趣丸,/gongsi/45171c7ac293db5c1nR63NS4EA~~.html,移动互联网,不需要融资,1000-9999人,"['决策树', 'Excel', 'SQL']",六险一金，员工旅游，年终奖，节日福利，股票期权，天天下午茶，包吃，带薪年假
79,数据分析师（业务分析/连锁） (MJ005785),/job_detail/3546a40baa93f84e1XZ62NS9GVtV.html,广州·海珠区·南洲,18-25K·13薪,3-5年,本科,钱大妈,/gongsi/f90ec87361e14e0f1HJz29u8.html,生活服务,D轮及以上,1000-9999人,"['Python', 'Hadoop', 'Presto', 'SAS', 'Tableau', 'R']",工作午餐，全勤奖，五险一金，定期体检，年终奖，节日福利，股票期权，员工旅游，带薪年假
80,数据分析师,/job_detail/2fdb6f5a5f0072161nB_39i4ElpR.html,广州·黄埔区·南岗,10-15K·18薪,3-5年,本科,蓝月亮（中国）有限公司,/gongsi/ff4b105ef3733e341XB_396_.html,生活服务,已上市,1000-9999人,"['SQL', 'Python', 'Tableau', 'Power BI', '帆软']",餐补，五险一金，加班补助，补充医疗保险，定期体检，免费班车，带薪年假
81,数据分析师,/job_detail/ff2303219df018ae1XR62dy9F1NR.html,广州·天河区·珠江新城,15-30K,3-5年,本科,深基生物,/gongsi/3cd6297da0c59c4f0nB_2tq4EA~~.html,电子商务,,20-99人,"['Excel', 'Hive', 'Power BI', 'SQL', '相关分析', '决策树', '回归分析']",
82,阿里灵犀互娱-平台数据分析师-广州,/job_detail/dcb11d62ee29a4271XV83tu5ElNX.html,广州·海珠区·琶洲,40-70K·16薪,5-10年,本科,阿里巴巴集团,/gongsi/5d627415a46b4a750nJ9.html,互联网,已上市,10000人以上,['Python'],补充医疗保险，股票期权，餐补，年终奖，交通补助，员工旅游，免费班车，五险一金，节日福利，零食下午茶
83,数据分析师（广深）,/job_detail/91f73e509736dd9b1XV-2d64F1NS.html,广州·天河区·珠江新城,15-30K,1-3年,本科,数势科技,/gongsi/f4359e369affbe033nV639S_Fw~~.html,企业服务,A轮,100-499人,"['Python', 'SQL', 'Power BI', 'Tableau', 'Hive']",年终奖，五险一金，节日福利，带薪年假，股票期权，出差补助，零食下午茶
84,数据分析经理,/job_detail/9b5b2e8a801a7e8d1nx80964FFQ~.html,广州·番禺区·市桥,12-15K,3-5年,本科,火石互动,/gongsi/6164cb5045c4bc811nJz39i1EQ~~.html,数据服务,未融资,100-499人,"['数据分析', '数据挖掘', '数据架构']",
85,数据分析师,/job_detail/3f219ac5939d9bdb1nx_3Nq5ElRR.html,广州·天河区·珠江新城,15-24K,3-5年,本科,育智教育科技,/gongsi/c00c49ff7b3f1af51nVz2N20FFI~.html,在线教育,,20-99人,['SQL'],
86,数据分析工程师,/job_detail/f6b52058a2c51e5d3nR82tm0FFc~.html,广州·荔湾区·芳村,15-25K,3-5年,本科,唯品会,/gongsi/b72f700dda59df7b33B90tU~.html,互联网,已上市,10000人以上,"['数据分析', '数据仓库', 'SQL', 'Python', 'Excel', 'hive', 'Hive', '分布式技术']",住房补贴，股票期权，定期体检，带薪年假，员工旅游，通讯补贴，节日福利，五险一金，补充医疗保险，年终奖，免费班车，零食下午茶，包吃，全勤奖，交通补助
87,数据分析师,/job_detail/f59ddf39c871da471XR-0tq5F1RX.html,广州·天河区·岗顶,10-14K,1-3年,本科,爱知之星,/gongsi/97a0809423ca67cb03Z63N0~.html,计算机软件,已上市,100-499人,"['SQL', '数据分析', '文案', '运营商']",股票期权，餐补，年终奖，带薪年假，加班补助，补充医疗保险，定期体检，交通补助，五险一金，通讯补贴，零食下午茶，节日福利
88,数据分析工程师,/job_detail/e523fd0c2ced8eb31HBy39y5GFc~.html,广州·越秀区·建设,7-14K,3-5年,本科,中赢智数,/gongsi/ecb56e18938f185d1HJ52tu4GA~~.html,数据服务,未融资,20-99人,"['数据库', '数据分析', '数据处理']",带薪年假，餐补，年终奖，节日福利，员工旅游，五险一金，定期体检，通讯补贴，加班补助，交通补助，零食下午茶，股票期权
89,数据分析师,/job_detail/79202bbc366ab88a1nF_3Nq0FlpV.html,广州·天河区·岗顶,11-18K,3-5年,本科,丹霄技术,/gongsi/f014133c317776fe1nx-3tu1.html,智能硬件,未融资,100-499人,"['Python', 'Excel', 'SQL', 'SPSS', 'R', '方差分析', '回归分析', '描述统计']",
90,数据分析师,/job_detail/4b901f1e455dc4920Hx52N-_Flc~.html,广州·天河区·珠江新城,12-18K,1-3年,本科,小象数据分析师事务所,/gongsi/1d4a36527e7a2e6833d53Nq8GQ~~.html,数据服务,未融资,0-20人,"['数据分析', 'SQL', 'Python', 'Java', 'JavaScript', 'Excel']",员工旅游，五险一金，带薪年假，节日福利，年终奖
91,数据分析师,/job_detail/4bbc3065710851491XZ72dW9EFdS.html,广州·荔湾区·芳村,12-18K,1年以内,大专,健易优,/gongsi/e65082e36cba697a1ndy2tm0EVc~.html,在线教育,,20-99人,['相关分析'],节日福利，零食下午茶，餐补，全勤奖，年终奖，五险一金，员工旅游，住房补贴，定期体检，补充医疗保险，加班补助，带薪年假
92,数据分析师,/job_detail/ff2d83cd31f8655b1nx93tW0EVBS.html,广州·番禺区·洛溪,4-6K,1年以内,本科,欧森,/gongsi/79d3903b294fe97e33d40ti4FA~~.html,电子商务,未融资,0-20人,"['Python', 'SQL', '相关分析', '决策树', '效度分析', 'Excel', 'R']",员工旅游，年终奖，零食下午茶，节日福利，五险一金
93,数据分析师,/job_detail/6254c2625b0ed73b1nN63dq_EFU~.html,广州·天河区·龙口,3-4K,1年以内,本科,宏海咨询,/gongsi/b6f10a65df13f3671nB529u8GA~~.html,企业服务,,20-99人,"['数据分析', '商业产品']",
94,数据分析师,/job_detail/7e0b13a7ba2439a71nB-2d65FlJX.html,广州·番禺区·华南,6-8K·13薪,1-3年,大专,全美科技,/gongsi/8f2ce06b8c6016eb1nd_39u5EQ~~.html,医疗健康,不需要融资,100-499人,"['SQL', '相关分析', '多元统计分析', '回归分析']",补充医疗保险，带薪年假，员工旅游，零食下午茶，节日福利，全勤奖，年终奖，入职社保
95,数据分析师,/job_detail/84850701ea9d68b91nZ73NS9FFJS.html,广州·海珠区·滨江路沿线,10-11K,1-3年,本科,美亚柏科,/gongsi/50dc25e60016b1491ndy2tW-Fg~~.html,信息安全,已上市,1000-9999人,"['SQL', 'Excel', 'ECharts', 'Hive', '大数据']",带薪年假，补充医疗保险，五险一金，零食下午茶，年终奖，餐补，股票期权，交通补助，加班补助，定期体检，免费班车，节日福利，员工旅游，通讯补贴
96,数据分析师,/job_detail/c75e628e36d986e71nF639y1EFBW.html,广州·天河区·东圃,8-12K,1-3年,本科,广州智数,/gongsi/792d0eb834167d5303d_3Nm8.html,数据服务,未融资,20-99人,"['SQL', 'Python', 'Excel', 'Power BI', '聚类分析', '回归分析']",节日福利，年终奖，员工旅游，包吃，五险一金，零食下午茶，带薪年假
97,数据分析师(J10706),/job_detail/9a47134c28e2dd9a1XV92ti8FVFW.html,广州,15-25K·14薪,3-5年,本科,中康数字科技有限公司,/gongsi/586bd2d2cc9ef6c01nN82Nm6FlE~.html,医疗健康,不需要融资,500-999人,['Python'],定期体检，五险一金，餐补，年终奖，带薪年假，节日福利
98,数据分析师,/job_detail/8ae3a250e377e72c1nJy2d28FlJW.html,广州·海珠区·赤岗,20-35K·15薪,1-3年,本科,腾讯,/gongsi/9f65fb2932db15f81XV629u0EVQ~.html,互联网,不需要融资,10000人以上,"['Python', 'SQL']",员工旅游，零食下午茶，补充医疗保险，带薪年假，餐补，公仔周边活动，年终奖，免费健身房，免费早晚餐，股票期权，节日福利，包吃，住房补贴，免费班车，定期体检，五险一金，交通补助
99,数据分析师,/job_detail/3dd28b86eabe89221nF-2t69EVZV.html,广州·海珠区·琶洲,12-23K,1-3年,本科,汇智通信,/gongsi/7636e3a2053424b40Xxz3Nm5.html,通信/网络设备,,1000-9999人,"['Python', 'Spark', 'MapReduce', 'Hadoop', 'SQL', 'Scala', 'Hive']",零食下午茶，交通补助，节日福利，五险一金，补充医疗保险，带薪年假，员工旅游，通讯补贴，餐补，年终奖，定期体检，股票期权
100,数据分析师,/job_detail/2f0159adb8105e2b1nVz3tq0FVNS.html,广州·白云区·南湖,6-8K,3-5年,大专,福佑卡车,/gongsi/f910c81104b1d3ce0XNy2Q~~.html,互联网,D轮及以上,500-999人,['Excel'],七险一金，全勤奖，带薪年假，节日福利，零食下午茶，年终奖，补充医疗保险，定期体检，培训学习，五险一金，员工旅游
101,数据分析师,/job_detail/d0f82b42fd81744e1XRz3t66EVVQ.html,广州·天河区·珠江新城,10-15K·13薪,1-3年,本科,天讯瑞达,/gongsi/b893df88353a8efa0HN439W-.html,计算机软件,不需要融资,500-999人,"['多元统计分析', '方差分析', '回归分析', '因子分析', '聚类分析', '决策树', '效度分析', '相关分析']",五险一金，交通补助，年终奖，节日福利，带薪年假，周末双休，免费体育活动，零食下午茶，员工旅游
102,数据分析师,/job_detail/5ca384f607efbdbe1nx-2Nq7GVBV.html,广州·黄埔区·科学城,12-20K·13薪,3-5年,本科,宜健邦科技,/gongsi/edb12f2d85db14741XN50tu1Fw~~.html,贸易/进出口,未融资,100-499人,"['SQL', 'Spark', 'Presto', 'Excel']",带薪年假，五险一金，员工旅游，零食下午茶，年终奖
103,数据分析师,/job_detail/cd641a19daebeab11nF-39S7EVdX.html,广州·黄埔区·科学城,18-25K,5-10年,本科,广州尚科,/gongsi/488b4cd139c7be361nFy2tq9FVY~.html,数据服务,不需要融资,20-99人,"['Python', 'Java', 'Scala', 'Hive', 'Hadoop', 'Spark', 'Flink']",员工旅游，带薪年假，加班补助，免费班车，节日福利，零食下午茶
104,数据分析师,/job_detail/6ddf4d15bad37f551nJ739W1GFBW.html,广州·黄埔区·科学城,10-15K,1-3年,本科,齐明软件,/gongsi/6ed2311c931a03151nBz0tS8GQ~~.html,计算机软件,未融资,100-499人,"['SQL', 'Python', 'Java', 'Shell', 'Scala']",餐补，零食下午茶，交通补助，节日福利，年终奖，五险一金，带薪年假，定期体检，员工旅游，通讯补贴
105,数据分析师,/job_detail/5ae11745bcc5ff2b1nNz3Nm6EVJQ.html,广州·天河区·珠江新城,5-7K·13薪,1-3年,本科,万科物业,/gongsi/ec49e14a744513291nB53d-6.html,物业服务,不需要融资,10000人以上,['Excel'],五险一金，通讯补贴，加班补助，定期体检，带薪年假，年终奖，节日福利，餐补，包吃，员工旅游
106,数据分析师,/job_detail/f1371a2544e05a0e1n1y2d-0GVJQ.html,广州·黄埔区·荔联,11-16K,3-5年,本科,蓝月亮,/gongsi/206765c522009b5703R529k~.html,生活服务,已上市,10000人以上,"['Python', 'SQL', 'BI', 'xmind']",餐补，加班补助，零食下午茶，节日福利，免费班车，免费住宿，带薪年假，定期体检，五险一金
107,数据分析,/job_detail/44df1cf20bd824c71nVz3tS4GFM~.html,广州·天河区·天河北,6-12K,1-3年,大专,广州神灯,/gongsi/804a9ee4a7a0dd1a0XR73ty8.html,互联网,未融资,20-99人,"['数据分析', '数据处理', '数据挖掘']",
108,数据分析,/job_detail/b62ac510f0535ddc1nZ639W9EVZR.html,广州·白云区·黄边,10-15K,1-3年,本科,三体网络,/gongsi/f294d9b5a21523cd1HF929u0Fw~~.html,移动互联网,未融资,100-499人,"['用户画像', '生意参谋', '数据银行', '数据分析', '消费者画像', '电商数据分析']",加班补助，员工旅游，五险一金，节日福利，全勤奖，带薪年假
109,数据分析专员,/job_detail/87f1c5aae767298c1HVz0tS7FVI~.html,广州·白云区·同德,4-5K,1-3年,本科,亿昊,/gongsi/3c1a6c12b4ce216a1X1409i9Eg~~.html,电子商务,,20-99人,['数据分析'],
110,数据分析专员,/job_detail/40bb5dba7f4bb4231XJ42t-4GFQ~.html,广州·越秀区·东风中路,5-8K,1-3年,大专,优宿企业管理,/gongsi/4d6f4f39e48346fa1nV_2dy0Ew~~.html,生活服务,未融资,100-499人,"['数据分析', '销售']",
111,数据分析主管,/job_detail/2fb711cf001df6ec1XZ629-0ElM~.html,广州·白云区·太和,5-8K,1-3年,大专,顺兴物流,/gongsi/630c8f9d1da0f1ec1nx409i0EQ~~.html,交通/运输,不需要融资,20-99人,"['数据分析', '数据处理', '网络']",
112,数据分析工程师,/job_detail/8101d428301632380ndz3Ni1F1I~.html,广州·黄埔区·小新塘,15-30K,1-3年,本科,太平洋网络,/gongsi/6e16ee1ee662583d1HR73Nw~.html,互联网,已上市,1000-9999人,"['SQL', 'Python', 'Shell', '数据分析', '大数据']",餐补，交通补助，年终奖，节日福利，定期体检，带薪年假，五险一金，员工旅游
113,数据分析师,/job_detail/f326582b70f108dd1XVy2Nq_F1FV.html,广州,9-10K,经验不限,本科,团美连,/gongsi/ff32d254d5884da11XRy2d28ElA~.html,音乐/视频/阅读,,0-20人,['相关分析'],
114,高级数据分析师,/job_detail/1cd5316a83ad19fb1XV_3tS7FlVW.html,广州·海珠区·琶洲,15-25K,3-5年,本科,美业颜究院,/gongsi/afad4179428a2c511nJy2t66GFc~.html,数据服务,B轮,20-99人,"['相关分析', '日化美妆', '客户服务意识', '行业数据经验']",五险一金，带薪年假，节日福利，零食下午茶，年终奖，股票期权，员工旅游
115,高级数据分析师/主管,/job_detail/4d3c79a8a32481121nxz296_GFtW.html,广州·天河区·天河公园,10-15K,3-5年,本科,众炬科技,/gongsi/f0339d57303e8d341nB43NW9GFI~.html,计算机软件,不需要融资,0-20人,"['SQL', '算法设计', '推荐算法', '深度学习算法', 'MySQL', 'SPSS', 'SAS', 'Java']",住房补贴，全勤奖，五险一金，交通补助，带薪年假，年终奖，员工旅游，加班补助
116,数据分析师,/job_detail/7d8048ab50616b7c1XV_09W0FFVW.html,广州·黄埔区·小新塘,15-30K·13薪,1-3年,本科,网易,/gongsi/38bd5c757efa4ab6331z.html,移动互联网,已上市,10000人以上,['Python'],年终奖，节日福利，包吃，定期体检，带薪年假，补充医疗保险，五险一金，免费班车，全勤奖
117,中高级数据分析师,/job_detail/c061bbd431e06c701n1y2Nq9E1FV.html,广州,12-18K·14薪,3-5年,本科,数说故事,/gongsi/2da27d046163a2b803N90t67.html,互联网,C轮,500-999人,"['消费者洞察', '商业分析', '数据分析', '分析报告', '市场研究']",五险一金，带薪年假，零食下午茶，定期体检，节日福利，员工旅游，年终奖
118,数据分析师,/job_detail/9c870bab538596f21XV90tm-GVpR.html,广州·天河区·跑马场,8-13K,1-3年,大专,帝诺科技,/gongsi/b596a7937150ad161n1729W6E1U~.html,互联网,,20-99人,['SQL'],节日福利，全勤奖，零食下午茶，五险一金，餐补，年终奖，带薪年假，员工旅游，加班补助
119,数据分析师（外包）,/job_detail/fb6e4613835e51721XV62NW1FVVR.html,广州·天河区·小新塘,10-15K·13薪,1-3年,本科,网易游戏,/gongsi/378e32b74df25c2c1XRy2N2_FFA~.html,游戏,已上市,10000人以上,"['SQL', 'Excel', 'Hive']",免费班车，节日福利，定期体检，员工旅游，五险一金，包吃，年终奖，股票期权，餐补，带薪年假，交通补助，补充医疗保险
120,数据分析师（商品）,/job_detail/629aea48a4a9f6911nN50tS1FVZS.html,广州·番禺区·南村,8-12K,3-5年,大专,玖泽,/gongsi/2480f1956dd904741nd73Nq-Els~.html,贸易/进出口,,1000-9999人,"['SQL', 'Python', 'SPSS']",五险一金，员工旅游，补充医疗保险，节日福利，带薪年假
121,高级数据分析师,/job_detail/f6960999239742791XR709u5E1dV.html,广州,20-40K·16薪,3-5年,本科,BIGO,/gongsi/d1539fda413000a10XB-0tW6.html,移动互联网,已上市,1000-9999人,"['Python', 'SQL', 'SPSS', 'SAS']",年终奖，全勤奖，带薪年假，定期体检，住房补贴，五险一金，股票期权，补充医疗保险
122,空间数据分析师,/job_detail/2ad25d6c5ed28ed91XVy2dm8F1RQ.html,广州·越秀区·环市东,11-17K·13薪,3-5年,本科,武大吉奥,/gongsi/26274c8bdb2c4b920HR529S0.html,计算机软件,未融资,1000-9999人,"['Python', 'Spark', 'Hadoop', 'arcgis', 'HDFS']",节日福利，餐补，零食下午茶，全勤奖，通讯补贴，年终奖，员工旅游，带薪年假，交通补助，加班补助，定期体检，五险一金，补充医疗保险
123,经营分析-数据分析师（本地生活）,/job_detail/0cce2ff96ff7d9751XZ83tm-FlRW.html,广州·海珠区·琶洲,30-60K·15薪,3-5年,本科,北京字节跳动,/gongsi/7d01ce6cfe2022030HJ409y-.html,移动互联网,D轮及以上,10000人以上,"['Python', 'Excel', 'Tableau']",住房补贴，夜班补助，带薪年假，加班补助，法定节假日三薪，餐补，年终奖，零食下午茶，股票期权，五险一金，定期体检，免费健身房，嘀嘀打车，有无线网，节日福利，补充医疗保险
124,Python数据分析,/job_detail/31686f9c799aa4f71nNz2du5FlZR.html,广州·越秀区·环市东,12-20K·13薪,3-5年,本科,名医汇,/gongsi/dea988a5e4dbbdb81nBy3Nu1GFY~.html,医疗/护理/卫生,未融资,20-99人,"['Python', '网络爬虫技术', 'Django', 'Flask', '推荐算法', '数据分析', '互联网医疗']",节日福利，零食下午茶，全勤奖，年终奖，定期体检，员工旅游，五险一金，加班补助
125,数据分析,/job_detail/275906cf269ba7591XR-396-FFBQ.html,广州·黄埔区·科学城,8-11K·13薪,1-3年,本科,找大状,/gongsi/26ac7dbeb26e555c1XJ92tW8.html,互联网,A轮,1000-9999人,['相关分析'],零食下午茶，交通补助，五险，节日福利，带薪年假，员工旅游
126,高级数据分析师,/job_detail/fddf1182bd6171001nN-3NS0ElJQ.html,广州,20-28K,3-5年,本科,信用生活,/gongsi/ffccc4ab2ce8950a1nN-29W6Ew~~.html,互联网金融,A轮,20-99人,"['Python', 'SAS', '零售信贷', '银行']",零食下午茶，五险一金，周末双休，带薪年假，股票期权，定期体检，出差补贴，住房补贴，生日福利，节日福利，年终奖，团建聚餐
127,数据分析讲师,/job_detail/a954d234aa4a23c61nN-09u_GFtR.html,广州·天河区·时尚天河,7-8K,经验不限,本科,海道教育,/gongsi/b3ee9a2b0eb755a71nB63N67EQ~~.html,在线教育,A轮,100-499人,"['数据挖掘', '数据仓库', 'ETL', '数据分析']",股票期权，加班补助，零食下午茶，节日福利，年终奖，定期体检，五险一金，补充医疗保险，带薪年假
128,高级数据分析,/job_detail/f46f2ca44c3404fd1nd70924F1BR.html,广州,18-35K·15薪,经验不限学历,不限,三七互娱,/gongsi/961f8d30b1d5546b1X1-2965Fg~~.html,移动互联网,已上市,1000-9999人,['游戏'],包吃，补充医疗保险，零食下午茶，全勤奖，节日福利，交通补助，定期体检，通讯补贴，年终奖，五险一金，员工旅游，餐补，股票期权，带薪年假
129,数据分析主管,/job_detail/3d559c96fd3c63371XVy0t66FFtQ.html,广州·白云区·金沙洲,8-12K,3-5年,本科,易鲜坊,/gongsi/4f34c211d9d5e4d11nd_2dq6EFU~.html,批发/零售,A轮,100-499人,['数据分析/挖掘经验'],餐补，五险一金，带薪年假，节日福利
130,数据分析经理,/job_detail/781ee543e672c10e1nNz29m1FVJW.html,广州·海珠区·昌岗,20-35K,5-10年,本科,茶理宜世,/gongsi/9ebb8aadd0d061261XJ43921Eg~~.html,餐饮,不需要融资,500-999人,"['SQL', 'Tableau', 'Hive', 'Hadoop', 'Spark']",员工旅游，补充医疗保险，年终奖，节日福利，带薪年假，交通补助，加班补助，餐补，全勤奖
131,数据分析师,/job_detail/c23330a347ff97661XR52N-6F1RQ.html,广州·天河区·员村,20-35K·15薪,3-5年,本科,广州智品网络科技公司,/gongsi/aab61fcbea18ed1c0XR_3Nq6.html,移动互联网,A轮,100-499人,"['Python', 'SQL', 'Hive', 'Power BI', '聚类分析', '决策树']",定期体检，五险一金
132,数据分析经理,/job_detail/a463db81842f66f11XZ42Nu5EFZQ.html,广州·白云区·金沙洲,11-20K,5-10年,本科,乐禾食品集团,/gongsi/ac9f8414ae56bf0603F53d26Fg~~.html,批发/零售,D轮及以上,1000-9999人,"['SQL', 'Excel', 'Matlab']",定期体检，零食下午茶，节日福利，包吃，五险一金，年终奖，股票期权
133,数据分析专员,/job_detail/1d6667e9ac103f8d1nFz2tq1FlNS.html,广州,4-9K,1-3年,大专,袋鼠妈妈,/gongsi/c57809f7b63d09731XRy0tm5FVs~.html,电子商务,未融资,1000-9999人,"['SPSS', 'SAS', 'Tableau', 'R', 'Excel', '方差分析', '回归分析', '多元统计分析']",节日福利，免费班车，提供吃住，岗位晋升，定期体检，年终奖，零食下午茶，团建活动，带薪年假，五险一金
134,高级会员数据分析,/job_detail/10b58e789c4f16f51XVy2tm1F1NW.html,广州·天河区·棠下,8-13K·16薪,3-5年,本科,虎彩集团,/gongsi/86510a8ab2c6a55e1XR42969GVc~.html,印刷/包装/造纸,,1000-9999人,"['Excel', 'Power BI', '用户数据', '电商行业', '数据建模', '会员周期']",年终奖，员工旅游，五险一金，节日福利，住房补贴，通讯补贴，定期体检，购房购车补贴，带薪年假，包吃，零食下午茶
135,Python（数据分析方向）,/job_detail/d562eda8e6a820821nN73dq7EFFR.html,广州·番禺区·南村,5-8K,1年以内,本科,徕伊佐慕服饰,/gongsi/419782ec0625a4391Hd_09m_GA~~.html,服装/纺织/皮革,未融资,20-99人,"['Python', 'SQL', '跨境电商', '数据运营', '自动化']",包吃，节日福利，加班补助，员工旅游，带薪年假，五险一金，年终奖
136,ITBA-数据分析,/job_detail/b75cd5aece716c911XV93Ni9F1JX.html,广州·越秀区·北京路,10-15K·13薪,1-3年,本科,广东万宁,/gongsi/f62f80b63cb978751nR83dm6EQ~~.html,贸易/进出口,不需要融资,1000-9999人,"['Python', 'Tableau', 'Power BI', 'SQL']",加班补助，年终奖，定期体检，五险一金，带薪年假，补充医疗保险，节日福利
137,跨境电商数据分析,/job_detail/d0f344b3642771591nF50tu8F1dV.html,广州·天河区·东圃,4-9K,经验不限,大专,万杉生物科技发展,/gongsi/571d76adb561d0fd0n1-29S1EQ~~.html,电子商务,未融资,0-20人,['决策树'],带薪年假，员工旅游，五险一金，股票期权，全勤奖，节日福利，零食下午茶，年终奖
138,数据分析经理-base惠州,/job_detail/94205d18e9875b2b1XVy39S9FVJX.html,广州·海珠区·南洲,20-30K,3-5年,本科,惠州市熊猫不走烘...,/gongsi/36558b5ca1ed6ae61XN409m5FA~~.html,O2O,B轮,1000-9999人,"['Excel', 'Python', 'SQL']",员工旅游，节日福利，带薪年假，通讯补贴，五险一金，出差补贴，股票期权，交通补助，零食下午茶
139,【23届实习】数据分析实习生,/job_detail/df61e7afeae8b5661XVy0t69FVBQ.html,广州·天河区·岗顶,200-250元/天,4天/周5个月,本科,安恒信息,/gongsi/7181a3f0481f641b1HZ_29U~.html,信息安全,已上市,1000-9999人,"['数学/统计相关专业', '计算机相关专业', '数据分析/挖掘经验']",员工旅游，补充医疗保险，餐补，五险一金，零食下午茶，通讯补贴，年终奖，节日福利，定期体检，带薪年假，交通补助
140,数据分析工程师（国家重点实验室）,/job_detail/f093c26ae3bc1f621nN73NS1FFBV.html,广州·黄埔区·万达广场,11-15K,1-3年,硕士,中国电研,/gongsi/ef8417f03bdfeb261nN-2dy-E1E~.html,学术/科研,,100-499人,"['Hadoop', 'Spark', 'MapReduce', '各类补贴', '完整假期', '六险二金', '工作餐', '工会福利']",
141,开发工程师（偏数据分析方向）,/job_detail/8d023221298a55ce1nJ_2NS0ElFR.html,广州·越秀区·三元里,10-15K·13薪,经验不限,本科,希伯莱,/gongsi/a6a5258bc43d99b11nZz09i1.html,移动互联网,不需要融资,100-499人,"['Python', 'Tableau', '相关分析', 'SQL', 'Excel', '英语四级']",节日福利，带薪年假，年终奖，补充医疗保险，五险一金，全勤奖，零食下午茶，员工旅游，通讯补贴
142,高级电子商务主管-数据分析(BI）(J12790),/job_detail/dbb5f9b56faa28861XZ62d--EldQ.html,广州·天河区·珠江新城,8-13K·16薪,3-5年,大专,斯凯奇,/gongsi/e5f652a7779c934b1nx_3tu1EFI~.html,批发/零售,不需要融资,1000-9999人,"['Python', 'SQL', 'SPSS', 'Excel', 'Tableau']",五险一金，年终奖，补充医疗保险，节日福利，定期体检，带薪年假，零食下午茶
143,需求分析师-供应链系统&数据分析,/job_detail/8270aa98615ccf331n170tW_EldW.html,广州·白云区·白云大道,10-15K,3-5年,大专,UR,/gongsi/6a2f4337701b2adb03d9298~.html,服装/纺织/皮革,B轮,1000-9999人,"['数据分析', '需求分析']",节日福利，员工旅游，年终奖，五险一金，带薪年假，补充医疗保险，生日福利，免费班车，定期体检，绩效奖金
144,数据分析师,/job_detail/af09818242448a191nN43Ny8FVc~.html,广州·天河区·龙口,8-11K,1-3年,本科,广州链能,/gongsi/a9d9403fdac402d21nV72Nm5EQ~~.html,互联网,天使轮,20-99人,"['数据建模', '数据处理', '机器学习']",五险一金，年终奖，员工旅游，股票期权，交通补助，加班补助，节日福利，带薪年假，零食下午茶
145,数据分析师,/job_detail/abfa690dda4f1f231nd43Nq0GVVR.html,广州·越秀区·东风东,7-12K,3-5年,本科,朗新科技,/gongsi/1b28fe2d9ba585821XR809w~.html,计算机软件,已上市,1000-9999人,"['SQL', 'Linux', 'Oracle', 'MySQL', '计算机软件']",带薪年假，通讯补贴，优秀员工旅游，定期体检，股票期权，节日福利，员工旅游，交通补助，五险一金，加班补助，年终奖，补充医疗保险
146,跨境电商数据分析专员,/job_detail/86665c60d4f3b6521XZ42du5GVdV.html,广州·番禺区·市桥,6-11K,经验不限,本科,思帆信息科技有限公司,/gongsi/0cf9afc2a132e5461Xd83tu6EQ~~.html,电子商务,不需要融资,100-499人,"['Python', 'Excel', '亚马逊', 'CPC', 'PPC', '数据分析', '网络广告投放']",零食下午茶，带薪年假，加班补助，五险一金，年终奖，餐补，节日福利
147,数据分析专员,/job_detail/f11e95180a9beb121n1_29W5F1FV.html,广州·海珠区·官洲,8-12K·13薪,1-3年,本科,广州乐药,/gongsi/51a81fa88acd9f460H1z2dW7GQ~~.html,电子商务,D轮及以上,10000人以上,"['Excel', 'SQL', 'Python']",零食下午茶，五险一金，年终奖，带薪年假，定期体检，餐补，节日福利
148,数据分析师,/job_detail/b7d8f8d3c3f0d0991XV42d-8EFNW.html,广州·海珠区·赤岗,20-35K·14薪,1-3年,本科,腾讯,/gongsi/9f65fb2932db15f81XV629u0EVQ~.html,互联网,不需要融资,10000人以上,"['Python', 'SQL', 'Spark']",餐补，住房补贴，公仔周边活动，零食下午茶，股票期权，交通补助，定期体检，年终奖，补充医疗保险，包吃，五险一金，免费早晚餐，免费班车，免费健身房，员工旅游，节日福利，带薪年假
149,数据分析师,/job_detail/73c93a392b7174c31nB83d2_FVZR.html,广州·海珠区·琶洲,20-40K·15薪,3-5年,本科,阿里巴巴集团,/gongsi/5d627415a46b4a750nJ9.html,互联网,已上市,10000人以上,"['SQL', 'Python', 'Excel', '方差分析', '因子分析', '非参数检验', '信度分析', '描述统计']",节日福利，免费班车，员工旅游，五险一金，交通补助，补充医疗保险，股票期权，零食下午茶，年终奖，餐补
150,数据分析（风控策略）,/job_detail/4653894b9589a3be1nRz3dm-F1dQ.html,广州·海珠区·琶洲,20-35K,3-5年,本科,唯品会,/gongsi/b72f700dda59df7b33B90tU~.html,互联网,已上市,10000人以上,"['数据分析', 'SQL']",补充医疗保险，全勤奖，通讯补贴，零食下午茶，节日福利，带薪年假，交通补助，股票期权，免费班车，年终奖，五险一金，员工旅游，定期体检，包吃，住房补贴
151,高级数据分析师 (MJ003580),/job_detail/1dcbffa0edd20c1e1nx73Ni8FVdV.html,广州·番禺区·南村,15-30K,经验不限,本科,SHEIN,/gongsi/6a149cb48ebe0d3b1HZ43t20Eg~~.html,电子商务,D轮及以上,10000人以上,"['SQL', 'Python', 'Tableau', 'Hive']",五险一金，零食下午茶，员工旅游，股票期权，餐补，带薪年假，年终奖，节日福利，定期体检
152,数据分析专员,/job_detail/d7b87fbfe091b57d1nJ93d-9FFFR.html,广州·南沙区·榄核,6-8K,1-3年,大专,细刻科技,/gongsi/b82414b5e60eced91XJ83tg~.html,电子商务,B轮,1000-9999人,"['仓储', '数据分析']",员工旅游，零食下午茶，五险一金，定期体检，餐补，带薪年假，节日福利，加班补助，年终奖，交通补助
153,推广与数据分析,/job_detail/71e261e6e18f61fd1nF90t60GFpQ.html,广州·海珠区·客村,5-8K·13薪,1-3年,大专,青木科技,/gongsi/0ad54882c70985481n1z2dQ~.html,电子商务,不需要融资,1000-9999人,"['Excel', '店铺推广', '数据分析']",带薪年假，员工旅游，零食下午茶，节日福利，餐补，定期体检，五险一金，年终奖，全勤奖
154,数据分析,/job_detail/0ef15dcd1d504e4b1nR829m1EFpR.html,广州·花都区·狮岭,4-6K,1年以内,大专,世佳物流,/gongsi/1b57d11ee89e023a1nV63d-0GVs~.html,电子商务,未融资,100-499人,['统计'],包吃，全勤奖，带薪年假
155,数据分析,/job_detail/044a57f86071753d031z3ty8FVA~.html,广州·天河区·珠江新城,15-25K·13薪,5-10年,本科,同盾信研科技,/gongsi/3015f4689a64a47c1HZ-29u5EA~~.html,计算机软件,,100-499人,"['Python', 'ETL', '数据建模']",补充医疗保险，带薪年假，年终奖，五险一金，定期体检，员工旅游
156,数据分析主管,/job_detail/630b4b09c01ee8061nV93dS0GFRW.html,广州·天河区·珠江新城,20-30K,3-5年,本科,海贝日丽化妆品,/gongsi/4a62f4432ea4dbd41Hd53Nm6EQ~~.html,日化,A轮,1000-9999人,['大数据'],交通补助，全勤奖，五险一金，员工旅游，包吃，零食下午茶，带薪年假，节日福利，通讯补贴，年终奖
157,数据分析助理,/job_detail/e0ba5a5d55c732761XR709-9FFRQ.html,广州·白云区·嘉禾,5-10K,1-3年,大专,明通,/gongsi/deea4a733a02fe2a1nVz39i4FFE~.html,物流/仓储,不需要融资,500-999人,['Excel'],五险一金，年终奖，餐补，带薪年假，定期体检，股票期权
158,数据分析主管,/job_detail/e743756c7d3454381XV_2tu0EVtR.html,广州·越秀区·淘金,8-10K,1-3年,本科,嘉佳卡通卫视,/gongsi/622a8cadf64687751XR_2Ny_Flc~.html,广播/影视,,20-99人,['Excel'],
159,数据分析专员,/job_detail/02a8ccc72f0b65d91XV-3N28EFdQ.html,广州·天河区·高唐,6-9K,1-3年,本科,广州阿米巴贸易有...,/gongsi/f5b8f09f965b69941XR-39u6Flc~.html,贸易/进出口,未融资,20-99人,"['Python', 'SQL', 'Scala', 'SPSS', 'SAS', 'Excel', 'Pandas', 'Matlab']",节日福利，定期体检，补充医疗保险，员工旅游，全勤奖，五险一金，零食下午茶
160,亚马逊数据分析,/job_detail/54f9a5b4849231481nJy2tu9EFFR.html,广州,4-6K,经验不限,大专,与尔同销,/gongsi/6c69e60e6080d33b1nF42966GFI~.html,电子商务,,20-99人,['Excel'],零食下午茶，五险一金，带薪年假，全勤奖，节日福利，员工旅游
161,Python 量化开发/数据分析,/job_detail/f14ccd3219769e9d1XVz3t29EFRQ.html,广州·天河区·珠江新城,6-10K·13薪,经验不限,本科,优创,/gongsi/9c7a7444fd6c56880XR70ti9EQ~~.html,互联网金融,天使轮,0-20人,"['Python', 'Pandas']",全勤奖，节日福利，加班补助，五险一金，股票期权，员工旅游，零食下午茶，年终奖
162,产品数据分析,/job_detail/632b820a829189901HFy39q-EVA~.html,广州·荔湾区·西关,5-8K,经验不限,本科,名创优品,/gongsi/6baa9610d47efbac1HVy0t64.html,其他行业,已上市,10000人以上,"['数据分析', 'excel']",股票期权，五险一金，节日福利，餐补，员工旅游，带薪年假
163,游戏数据分析师,/job_detail/2d19396709969f6a1XZ629y0EFdR.html,广州·天河区·棠下,12-24K·13薪,3-5年,本科,米多多,/gongsi/4da0f6719abe90b503B_2Ny0Eg~~.html,游戏,不需要融资,100-499人,"['SQL', '数据分析', '数据建模', '游戏']",加班补助，定期体检，五险一金，零食下午茶，包吃，股票期权，餐补，员工旅游，补充医疗保险，带薪年假，节日福利，全勤奖，年终奖
164,资深数据分析师（商品）,/job_detail/7f26c30b1df228071nN50tS7ElNX.html,广州·番禺区·南村,10-15K,5-10年,大专,玖泽,/gongsi/2480f1956dd904741nd73Nq-Els~.html,贸易/进出口,,1000-9999人,"['SQL', 'Python', 'SPSS']",带薪年假，五险一金，补充医疗保险，员工旅游，节日福利
165,高级大数据分析师,/job_detail/e5ec207e885692b31XRz3dW7FVJX.html,广州,15-25K,3-5年,大专,城觅科技,/gongsi/a85890a8cf1e4a820XJ72d2_Ew~~.html,电子商务,已上市,500-999人,"['数据仓库', '数据分析']",带薪年假，加班补助，定期体检，节日福利，餐补，股票期权，全勤奖，零食下午茶，年终奖，员工旅游，五险一金
166,高级数据分析专员,/job_detail/04c751a928f614d51XVy09y8FFdR.html,广州·天河区·棠下,11-15K·16薪,1-3年,本科,虎彩集团有限公司,/gongsi/b86e9b92e7f344d31XR93NW7EVE~.html,印刷/包装/造纸,,500-999人,"['SAS', 'Excel', '相关分析', '用户数据分析', '会员报表']",
167,Python +ArcGIS数据分析师,/job_detail/79ad29c88ae4fb511XV93du1ElNQ.html,广州·越秀区·东风东,10-15K,1-3年,本科,武大吉奥,/gongsi/26274c8bdb2c4b920HR529S0.html,计算机软件,未融资,1000-9999人,"['Python', 'Spark', 'Hadoop', 'HDFS', 'ArcGIS']",通讯补贴，员工旅游，零食下午茶，年终奖，加班补助，补充医疗保险，定期体检，带薪年假，节日福利，交通补助，五险一金，全勤奖，餐补
168,餐饮市场数据分析总监,/job_detail/006950418e995caf1XVz2t-9GVBV.html,广州·海珠区·琶洲,11-22K,3-5年,大专,F5未来商店,/gongsi/4c315ecd94ec25091XR73Nu4.html,电子商务,B轮,100-499人,"['无人便利店', '无人面馆']",包吃，加班补助，五险一金，年终奖，股票期权，节日福利，带薪年假
169,高级研究员（数据分析方向）,/job_detail/3210671cb5ef5ee81XR_2Nu1GFNR.html,广州·海珠区·新港西路沿线,15-20K,1-3年,本科,中大咨询,/gongsi/8b4991273bb914891nB739u_F1Y~.html,培训机构,不需要融资,500-999人,"['FineBI', '可视化', 'BI']",零食下午茶，带薪年假，定期体检，补充医疗保险，员工旅游，五险一金，节日福利
170,Devops工程师（数据分析方向）,/job_detail/81de8541477cd4fd1XV93dq1FFtW.html,广州·番禺区·长隆,15-20K,3-5年,本科,宝乐机器人,/gongsi/dd5e6cbbb0d5e0731nB82965GA~~.html,家具/家电/家居,未融资,1000-9999人,"['Python', '服务器配置', '容器技术', '分布式技术', 'MySQL', 'Redis', '自动化运维', 'Ansible']",节日福利，包吃，员工旅游，包住，年终奖，五险一金
171,数据分析、市场研究助理,/job_detail/f08f6c80a881b2fd1XRz0924GFVQ.html,广州·花都区·新区,150-250元/天,5天/周3个月,本科,极驾咨询,/gongsi/6eeaf5ebc5170f571XR42Nq9GVc~.html,咨询,不需要融资,0-20人,"['行业研究', '市场研究']",带薪年假，员工旅游，定期体检，零食下午茶，年终奖，股票期权，五险一金，节日福利
172,作业支持专员（广州、数据分析方向）,/job_detail/1c2b33c460ff87cc1XR53NS7E1FV.html,广州,10-13K,3-5年,本科,中外运-敦豪,/gongsi/0fde8a3e7c01a1451nd42du1GQ~~.html,物流/仓储,未融资,1000-9999人,"['物流管理', '物流成本管理', '物流规划', '运力管理', '仓储管理', '货运方案制定', '八小时工作制', '五险一金']",五险一金，定期体检，员工旅游，补充医疗保险，节日福利，带薪年假
173,数据分析工程师（有FineReport经验）,/job_detail/9cfb518d7b88fa211XV-0tS_ElBR.html,广州·白云区·永泰,10-15K·13薪,3-5年,本科,泰容亿,/gongsi/9bc18a85f7c5632a1nd629i7GFY~.html,电子商务,不需要融资,100-499人,['FineReport（帆软）'],加班补助，零食下午茶，年终奖，员工旅游，五险一金，股票期权，餐补，节日福利，包吃，带薪年假，通讯补贴，住房补贴，交通补助，全勤奖，定期体检
174,Media Manager（数据分析&项目管理）,/job_detail/76c631f3143d44b41XV92NW1FldR.html,广州·天河区·珠江新城,10-15K,5-10年,本科,盛世长城,/gongsi/be8172754e7a218d0HJ639-_GQ~~.html,咨询,未融资,1000-9999人,"['MySQL', 'SQL', 'Python', 'R语言', 'BI']",五险一金，加班补助，零食下午茶，定期体检，节日福利，补充医疗保险，年终奖，带薪年假，员工旅游
175,数据分析经理,/job_detail/9d00d90de47eb2351nN63t29FFBQ.html,广州·荔湾区·芳村,20-35K·14薪,5-10年,本科,未来一手网络科技...,/gongsi/ffa136fbf2c92fc91nx73N2-EFY~.html,电子商务,C轮,500-999人,"['SQL', 'Python', 'SPSS', 'SAS']",员工旅游，定期体检，加班补助，五险一金，股票期权，节日福利，零食下午茶，带薪年假，年终奖，餐补
176,高级数据分析专员,/job_detail/6d722fe25f6057c11XV92d2-FVRW.html,广州·天河区·棠下,8-12K·16薪,3-5年,本科,虎彩集团,/gongsi/86510a8ab2c6a55e1XR42969GVc~.html,印刷/包装/造纸,,1000-9999人,"['Excel', 'Power BI', '用户数据', '电商行业', '数据建模', '会员周期']",通讯补贴，年终奖，五险一金，定期体检，员工旅游，零食下午茶，节日福利，包吃，带薪年假，住房补贴，购房购车补贴
177,数据分析工程师(J10248),/job_detail/c1e6d4e3f4174c031nF82dS-FVRV.html,广州,5-8K,1-3年,大专,禾信仪器,/gongsi/0cb59141d7dd54031XB_2di1Fw~~.html,仪器仪表/工业自动化,已上市,500-999人,"['色谱', '分析监测', '仪器']",节日福利，全勤奖，补充医疗保险，员工旅游，五险一金，零食下午茶，带薪年假，通讯补贴，年终奖，股票期权，免费班车，餐补，定期体检
178,【外企独角兽 百万用户】高级数据分析,/job_detail/029799f6705f16bb1XZz3du5FFdW.html,广州·越秀区·北京路,30-50K,3-5年,本科,捷瑞网络技术,/gongsi/1a61200012cc861633x909y7Ew~~.html,移动互联网,C轮,500-999人,"['Java', 'Python', 'SQL', 'SAS', 'Matlab']",员工旅游，节日福利，带薪年假，定期体检，股票期权，年终奖，五险一金，通讯补贴
179,数据分析专员,/job_detail/a8b667b53cab9a451XV609m5E1ZR.html,广州·白云区·金沙洲,5-8K,在校/应届,本科,乐禾食品集团,/gongsi/ac9f8414ae56bf0603F53d26Fg~~.html,批发/零售,D轮及以上,1000-9999人,"['相关分析', '数据透视表']",节日福利，零食下午茶，定期体检，股票期权，年终奖，五险一金，包吃
180,跨境电商数据分析实习生,/job_detail/f1f4b0a5ff53f2d41nF50tu4FFNW.html,广州·天河区·东圃,4-9K,经验不限,大专,万杉生物科技发展,/gongsi/571d76adb561d0fd0n1-29S1EQ~~.html,电子商务,未融资,0-20人,['决策树'],零食下午茶，年终奖，股票期权，节日福利，带薪年假，五险一金，全勤奖，员工旅游
181,数据分析师,/job_detail/55019f9a7278255e1nJ93Nm4GVZQ.html,广州·天河区·岑村,15-30K,3-5年,本科,小鹏汽车,/gongsi/1ab3d8fb705b4da303Z83Nm1.html,汽车生产,已上市,10000人以上,['SPSS'],补充医疗保险，餐补，股票期权，节日福利，包吃，五险一金，定期体检，年终奖，带薪年假
182,微信数据分析实习生,/job_detail/933530eba8583d9c1nx82Ny_EVZV.html,广州·海珠区·赤岗,150-200元/天,5天/周3个月,硕士,腾讯,/gongsi/2e64a887a110ea9f1nRz.html,互联网,不需要融资,10000人以上,"['Python', 'SQL', 'R', 'Pandas', 'Excel', 'Hive']",公仔周边活动，五险一金，带薪年假，交通补助，股票期权，免费早晚餐，补充医疗保险，定期体检，免费班车，住房补贴，零食下午茶，员工旅游，免费健身房，包吃，餐补，年终奖，节日福利
183,商品数据分析,/job_detail/1277de69693c31e11HVy3d--FlI~.html,广州·番禺区·大石,6-10K,3-5年,大专,尚谷,/gongsi/8f8cea3bce48175c1nN409u5Fw~~.html,服装/纺织/皮革,,500-999人,['数据分析'],
184,商业数据分析,/job_detail/2afbb19e95042eb90XF60tm5FlQ~.html,广州·天河区·珠江新城,15-20K,3-5年,本科,口碑,/gongsi/86ab59b4f61d1dc31Xxz3tW8.html,O2O,不需要融资,10000人以上,['数据分析'],节日福利，免费班车，通讯补贴，带薪年假，年终奖，交通补助，股票期权，定期体检，13薪，五险一金，餐补，补充医疗保险，员工旅游
185,金融产品营销数据分析及建模,/job_detail/b3df8dc7dbb90f0c1HV63tu6FVI~.html,广州·天河区·天河公园,13-20K,3-5年,大专,吉信科技,/gongsi/bac0762b5bd7b46c1nB539-1Fg~~.html,移动互联网,不需要融资,100-499人,"['数据分析', '数据处理', '数据挖掘']",
186,数据主管,/job_detail/d5d26b7772319faa3nZ43ti6EVM~.html,广州·南沙区·大岗,15-19K·13薪,1-3年,本科,广东芬尼克兹,/gongsi/de924e4f5801357a3nB42N21.html,其他行业,未融资,1000-9999人,"['数据分析', 'Tableau']",年终奖，包吃，全勤奖，定期体检，住房补贴，五险一金，补充医疗保险，节日福利，通讯补贴，零食下午茶，带薪年假，餐补
187,京东物流-华南区域招聘物流运营,/job_detail/9901bc3ca0e3469c03Ry3tq6FlI~.html,广州·黄埔区·南岗,6-8K,3-5年,本科,京东物流-华南区域,/gongsi/44f49a8ff172e9af1nVz2dm7FVs~.html,物流/仓储,未融资,20-99人,"['Excel', '业务分析', '建模型']",股票期权，定期体检，餐补，节日福利，住房补贴，带薪年假，五险一金
188,数据产品经理,/job_detail/58e21b273f7dacb91XZ_0ty9FVFS.html,广州·海珠区·琶洲,15-25K,3-5年,本科,诚迈科技,/gongsi/9fbed997e41422bd1HB839Q~.html,移动互联网,已上市,1000-9999人,"['BI系统', '数据管理系统', 'sql', '数据分析', '大数据开发']",餐补，带薪年假，通讯补贴，员工旅游，加班补助，交通补助，节日福利
189,高级数据分析师（AB实验方向）,/job_detail/f340514606596b691nx80t65E1VV.html,广州·番禺区·番禺广场,20-40K·16薪,3-5年,硕士,BIGO,/gongsi/d1539fda413000a10XB-0tW6.html,移动互联网,已上市,1000-9999人,"['Python', 'SQL', 'Spark', 'Presto', 'Excel', 'Hive']",住房补贴，五险一金，全勤奖，补充医疗保险，股票期权，定期体检，年终奖，带薪年假
190,数据统计员,/job_detail/c9e4c3be7a7b68453nF53ti7E1c~.html,广州·增城区·荔城,4-8K,1-3年,大专,广州同富,/gongsi/0ebf3a049431098503Z63Ni7.html,通信/网络设备,,20-99人,"['数据分析', '数据采集']",五险一金
191,数据标注实习生,/job_detail/390a28acf1fcc7100n1z2NS9Flc~.html,广州·天河区·棠下,100-150元/天,5天/周3个月中专/,中技,国交润万交通信息,/gongsi/abf9933e6195fd1a1Xx_2Ny1.html,计算机软件,未融资,20-99人,['数据分析'],加班补助，节日福利，年终奖，定期体检，五险一金，零食下午茶，带薪年假，员工旅游
192,VAT数据申报专员,/job_detail/92b2257491a81a260X1_0tq4FlI~.html,广州·白云区·白云大道,4-8K·13薪,经验不限,本科,多芈管理,/gongsi/a346cfde3f4d32ce03Zy2di6Ew~~.html,专利/商标/知识产权,未融资,20-99人,"['数据统计', '客服', '增值税', '数据分析', '跨境电商']",通讯补贴，员工旅游，餐补，带薪年假，节日福利，零食下午茶，五险一金，年终奖，加班补助，带薪病假，全勤奖，补充医疗保险
193,人工智能机器人数据分析技术合伙人（博士）,/job_detail/789814a064442a621nNy09-1FVc~.html,广州·黄埔区·大沙,20-40K,经验不限,博士,中誉机器人,/gongsi/94b53522ad9aace41ndy29m4EQ~~.html,智能硬件,天使轮,0-20人,"['系统架构', '技术管理', '高级技术管理']",
194,数据分析师,/job_detail/1471b870d42fbc2d1nx_3d61EVdV.html,广州·天河区·天河公园,8-13K·13薪,经验不限,本科,帝诺科技,/gongsi/b596a7937150ad161n1729W6E1U~.html,互联网,,20-99人,"['SPSS', 'Power BI', 'Tableau', '相关分析', '回归分析', '方差分析', 'SAS', 'R']",全勤奖，五险一金，年终奖，零食下午茶，带薪年假，加班补助，员工旅游，节日福利，餐补
195,生物统计师（临床数据分析）,/job_detail/aeb6db56f28bae591nJy2du9GVtV.html,广州,12-24K,1-3年,本科,金石医疗,/gongsi/47300fd20aae5ec91nZ-0t2_Flc~.html,医疗设备/器械,天使轮,20-99人,"['临床研究', '临床试验', '临床数据', '数据分析']",定期体检，五险一金，节日福利，零食下午茶，餐补，全勤奖，年终奖，带薪年假，补充医疗保险，员工旅游
196,游戏数据分析师（运营向）,/job_detail/ce543a6d6fb2ac6f1XV_2967EVdS.html,广州·天河区·车陂,10-15K,经验不限,本科,游爱,/gongsi/940f3dac844c696e03d_2NW4.html,游戏,不需要融资,500-999人,"['Excel', 'R', 'SQL', 'Python', '数据分析', '游戏数据分析']",年终奖，全勤奖，定期体检，餐补，带薪年假，员工旅游，零食下午茶，五险一金，加班补助，补充医疗保险，项目奖金，节日福利
197,数据分析员,/job_detail/d8dd8f8e784d2aa11XVz3Nq9EVtR.html,广州·白云区·白云国际机场,4-6K,1年以内,本科,晶穗万通,/gongsi/bdf406b732accf9f1XJ52t21Fw~~.html,交通/运输,不需要融资,100-499人,"['Excel', 'Tableau', 'Power BI']",
198,数据分析员,/job_detail/f44570a20f1a38781nZ-3929ElVR.html,广州·越秀区·环市东,4-6K,经验不限,本科,西美信息科技,/gongsi/00b70e2e0601ec871HJ93NQ~.html,咨询,未融资,100-499人,"['SPSS', 'Excel', '大数据', 'SaaS', '因子分析', '描述统计', '商业数据分析']",带薪年假，节日福利，员工旅游，五险一金，交通补助，餐补
199,数据客服,/job_detail/f153b20f96958de403B_3Nu6EFQ~.html,广州·花都区·雅居乐锦城,3-5K,1-3年,高中,广东云山科技有限公司,/gongsi/e3e866094f8dbcfa1nx429y5E1E~.html,物流/仓储,不需要融资,500-999人,['数据分析'],加班补助，全勤奖，年终奖，包吃
200,数据专员,/job_detail/60f38bb5629be0b01nd73925GFJX.html,广州·番禺区·长隆,3-6K,1-3年,本科,米萌文化,/gongsi/1d526bd28c9af98f1nF629i_FFI~.html,文化/体育/娱乐,未融资,20-99人,"['数据分析', '数据挖掘', '大数据']",六险，带薪年假，全勤奖，员工旅游，零食下午茶，年终奖，节日福利
201,数据专员,/job_detail/eab8f842c01bd90a1nV62dW8EFRR.html,广州,4-7K,经验不限,大专,千樽月,/gongsi/6184cf7a4784e8970Hd53d69Fw~~.html,食品/饮料/烟酒,未融资,20-99人,"['数据分析', '数据挖掘']",零食下午茶，带薪年假，员工旅游，节日福利，全勤奖
202,数据专员,/job_detail/ffc48ae4f3cb9b191nN93ty7FFI~.html,广州·南沙区·金洲,3-6K,1年以内,大专,定荣家,/gongsi/ff7fe24ce90775871XB-3tm8.html,O2O,A轮,500-999人,"['数据分析', '运维', '数据库']",股票期权，带薪年假，员工旅游
203,产品数据分析,/job_detail/a7c44ea4f2950a991nJz29S5EVRV.html,广州·番禺区·大石,7-12K,1-3年,大专,虎牙商务,/gongsi/97960ac1d71ce8541XV82N24Eg~~.html,电子商务,未融资,20-99人,"['数据分析   ', '产品分析']",定期体检，全勤奖，员工旅游，五险一金，带薪年假，年终奖
204,高级数据分析师（用户方向）,/job_detail/739f7b9acf5dbbf91XRz39u0EVNS.html,广州,18-30K,3-5年,本科,网易,/gongsi/38bd5c757efa4ab6331z.html,移动互联网,已上市,10000人以上,"['用户数据分析', '业务数据分析', '数据运营', '运营分析', 'SQL', 'Python']",五险一金，年终奖，包吃，定期体检，补充医疗保险，免费班车，全勤奖，节日福利，带薪年假
205,大数据分析,/job_detail/042b876a591d134c1XV42t-_FVFS.html,广州·番禺区·南村,10-15K,1-3年,本科,头文科技,/gongsi/deba5da024a62a731nF729S-Fg~~.html,互联网,A轮,100-499人,"['Spark', 'SQL', 'Hadoop', 'Kafka', 'Storm', 'Flume', 'Flink']",股票期权，节日福利，全勤奖，带薪年假，零食下午茶
206,数据统计分析专员,/job_detail/b036217b9bb233c71nF-3t64GVBR.html,广州,5-7K,1-3年,大专,广州美莱,/gongsi/c1e6d43e94cbc10d03R-29-0.html,医疗健康,未融资,500-999人,['Excel'],带薪年假，包吃，五险一金，定期体检
207,游戏数据分析,/job_detail/4e722cdc4a8273a21XZ609-_FlVW.html,广州·天河区·天河公园,8-12K·14薪,1-3年,本科,玩心不止,/gongsi/7f1ccd653dd7f9091nN_0tm_E1M~.html,游戏,不需要融资,500-999人,"['Python', 'SQL', 'Excel', 'Tableau', 'Matlab']",节日福利，定期体检，带薪年假，全勤奖，交通补助，餐补，五险一金，零食下午茶，包吃，员工旅游，年终奖，补充医疗保险
208,powerBI数据分析—兼职,/job_detail/c8ff89aea060ce901XVz29W9GFdW.html,广州·天河区·天河客运站,11-20K·15薪,1-3年,大专,千云网络技术,/gongsi/34323346e2e1786b1XRy2Nq-F1s~.html,计算机软件,,20-99人,"['SQL', 'Excel', 'Tableau', 'Power BI']",
209,BI数据分析经理,/job_detail/06d09ccb75ebd0441XR53tq0FVJR.html,广州·黄埔区·万达广场,40-50K·16薪,5-10年,本科,万融数据服务,/gongsi/868a8b798d35a30b1XR729S0GFc~.html,互联网,未融资,100-499人,"['Python', 'SQL', 'Excel', 'Hive', 'Tableau', 'Power BI']",年终奖，全勤奖，补充医疗保险，带薪年假，零食下午茶，五险一金，定期体检，员工旅游，节日福利
210,业务数据分析,/job_detail/d7970c47745f15c61nZ73tW4EFZQ.html,广州,5-8K·13薪,1-3年,本科,广州广颖创网络科...,/gongsi/3786ef10d6a034420Xdz2di8EQ~~.html,电子商务,不需要融资,500-999人,['Excel'],五险一金，全勤奖，年终奖，加班补助，带薪年假，节日福利，补充医疗保险
211,电商数据分析研究,/job_detail/283a8c39b55060941XVy2d-4EVFQ.html,广州·海珠区·新港西路沿线,7-12K,经验不限,本科,广州市福思特科技...,/gongsi/ff3d805259cd49970nR509i4FA~~.html,计算机软件,不需要融资,100-499人,"['Excel', 'Python']",通讯补贴，年终奖，带薪年假，五险一金，节日福利
212,初级数据分析师,/job_detail/1aca5d1cfbab5ebc1XV73tS4E1VW.html,广州·越秀区·东风东,6-10K,1年以内,本科,嘉盛达,/gongsi/09db439c9fbfb80c03dy09m_EA~~.html,数据服务,未融资,20-99人,"['Python', 'SQL', 'SAS', '存储过程', '海量数据', '性能调优', 'MySQL', 'oracle']",定期体检，带薪年假，社会保险，加班补助，公司聚餐，节日福利，员工旅游，年终奖
213,运营数据分析师,/job_detail/b1e6edfe87919fa51XZ73925FFtV.html,广州·天河区·石牌,10-15K,3-5年,大专,琦嗨,/gongsi/be928aa44cb517f733Bz2du6EA~~.html,电子商务,A轮,100-499人,"['Python', 'SQL', '运营数据分析', '跨境电商']",五险一金，年终奖，带薪年假，节日福利，股票期权，零食下午茶
214,商品数据分析专员,/job_detail/df7b68c3caa0be001XV_2dy7E1FR.html,广州·白云区·新市,5-6K,1-3年,大专,名品壹汇,/gongsi/b3b790d5480031601nJ42t26GVs~.html,批发/零售,未融资,20-99人,['Excel'],节日福利，带薪年假，五险一金
215,大数据分析工程师,/job_detail/b6296890ef7b9c2c1XR42929E1ZV.html,广州·黄埔区·科学城,15-30K·14薪,3-5年,本科,杰创智能,/gongsi/cc4e01a75f95ae430HV73tS9EQ~~.html,数据服务,已上市,500-999人,"['Python', 'Scala', 'Spark', 'Flume', 'Kafka', 'Hadoop', 'Streaming', 'Flink']",股票期权，零食下午茶，年终奖，定期体检，员工旅游，节日福利，带薪年假，补充医疗保险，加班补助，免费班车，五险一金，餐补
216,BI数据分析师,/job_detail/cfbbbf783cf5088c1XV52Nm_GFtQ.html,广州·天河区·珠江新城,12-20K,3-5年,本科,中思拓,/gongsi/4cb62dfe539c06f20Hx73d6_Eg~~.html,计算机软件,未融资,20-99人,"['fine bi', '帆软', '可视化']",年终奖，餐补，零食下午茶，节日福利，全勤奖，五险一金，通讯补贴，带薪年假
217,大数据分析师,/job_detail/a84aff1ea12148f61nx-3NW5GFtQ.html,广州·黄埔区·科学城,12-24K,3-5年,本科,迈傲科技,/gongsi/5d6f113d747c9c6a1HR_3t-8.html,数据服务,B轮,20-99人,"['Java', 'Python', 'Shell', 'Scala', 'R']",五险一金，年终奖，零食下午茶，带薪年假，员工旅游，节日福利，定期体检，加班补助
218,初级数据仓库工程师,/job_detail/19c515bd100295071Hd_29q4FFc~.html,广州·番禺区·大石,7-11K,1-3年,大专,杨氏科技,/gongsi/02b70820513f86cd1Hd93NS4.html,计算机软件,未融资,20-99人,"['数据分析', 'Oracle', 'ETL']",
219,商品数据统计（英文）,/job_detail/c72f55650b6e88da1nN-2t28E1dW.html,广州·番禺区·南村,4-8K,经验不限,大专,高庭科技,/gongsi/f0b7d69c7152ef361nN_2928E1s~.html,电子商务,,20-99人,"['数据分析', '英语', '选品', '产品开发', '跨境电商', '亚马逊']",
220,数据分析员,/job_detail/4ac441a98875ee7d1nBz2Ny1E1JS.html,广州·花都区·铁路西,6-11K,3-5年,本科,诚易科技发展有限公司,/gongsi/c3ebc4dedbedf2851nN83ti0FlQ~.html,4S店/后市场,,100-499人,"['SQL', 'Python', 'Excel', 'SPSS', 'SAS']",
221,商业数据分析师（一年2次调薪机制）,/job_detail/35328cfac509fc441XR72N26GFBS.html,广州·海珠区·赤岗,10-15K·13薪,3-5年,本科,芝麻加油,/gongsi/950cd12ed0ff013d1nF909u_Ew~~.html,O2O,A轮,100-499人,"['Python', 'Excel']",交通补助，带薪年假，员工旅游，零食下午茶，定期体检，节日福利，五险一金，补充医疗保险，年终奖，一年两次调薪，股票期权
222,初/中级数据采集分析师,/job_detail/1fac412b7b5098041nF52N64FFBQ.html,广州·天河区·珠江新城,10-15K,1-3年,本科,赢商网,/gongsi/44b64e410b64bc111HB42tu-.html,移动互联网,D轮及以上,500-999人,"['Python', 'SQL', '决策树', '聚类分析', '回归分析']",定期体检，交通补助，零食下午茶，餐补，年终奖，五险一金，带薪年假，员工旅游，节日福利，全勤奖
223,高级需求分析师（大数据）,/job_detail/ebb93de3296512b41XR5096-FVBV.html,广州·越秀区·东山口,20-40K,5-10年,本科,汛芯,/gongsi/56841b9d6bb5d6461nB72N66FQ~~.html,互联网,不需要融资,20-99人,"['Excel', 'Tableau', '经营数据分析']",通讯补贴，五险一金，交通补助，节日福利，带薪年假，定期体检
224,高级数据分析员,/job_detail/eaccc6654a49becf1nJ83N28E1tW.html,广州·越秀区·区庄,7-10K,1-3年,本科,大正市场研究,/gongsi/f7038509b2e125591nZ43dm4E1s~.html,咨询,未融资,20-99人,"['SPSS', '联合分析']",定期体检，补充医疗保险，五险一金
225,数据分析专员（MJ000948）,/job_detail/e850dd8f160ada2a1XZ42dm1FVRX.html,广州·天河区·员村,8-13K·18薪,1-3年,大专,趣丸,/gongsi/45171c7ac293db5c1nR63NS4EA~~.html,移动互联网,不需要融资,1000-9999人,"['相关分析', '直播推广数据', '用户画像', '留存']",带薪年假，天天下午茶，六险一金，包吃，股票期权，节日福利，年终奖，员工旅游
226,业务分析师,/job_detail/301c6fcda69d63e41nx43tS6ElNW.html,广州·番禺区·石楼,12-15K,3-5年,大专,中软国际,/gongsi/2d208a8834e4a58203d43Q~~.html,计算机软件,已上市,10000人以上,"['汽车行业', '数据分析', '营销体系数据分析', '业务分析', '大数据财务方向']",带薪年假，节日福利，零食下午茶，定期体检，免费班车，年终奖，员工旅游，五险一金，加班补助，餐补
227,用户研究分析师（校招）,/job_detail/f40a1e798a2e83421nJ829u0ElJX.html,广州·黄埔区·中心城,8-13K,在校/应届学历,不限,多益网络,/gongsi/0aed2b8296e46d411HB509U~.html,互联网,不需要融资,1000-9999人,"['数据分析', '用户研究', '市场研究']",年终奖，五险一金，全勤奖
228,高级商业智能分析专家,/job_detail/b8c5bd03b77ecb081nV_2d24EVdR.html,广州·天河区·天河北,25-50K,5-10年,本科,翰特尔,/gongsi/4e0bbfe7efd7dabe1nd43Ny1EFY~.html,人力资源服务,,0-20人,"['数据分析', '商业分析']",
229,预算分析经理,/job_detail/c7acb7c243dc0fd21nN73N--GVdR.html,广州·白云区·白云大道,18-28K,5-10年,本科,东呈集团,/gongsi/0575b83b3ff09c1b1nx_2d-6FlQ~.html,酒店,未融资,10000人以上,"['全面预算', '数据分析', '商业分析']",定期体检，员工旅游，节日福利，五险一金，带薪年假，年终奖，通讯补贴，餐补，全勤奖
230,生信分析工程师,/job_detail/d464e85c399c75531nJ92t--E1JR.html,广州·番禺区·新造,8-10K·14薪,经验不限,本科,基迪奥生物,/gongsi/9a29bf43d9a2d15e1XN629W0.html,医疗健康,A轮,100-499人,"['生物信息分析', '高通量测序', '科研服务', '数据分析', '数理统计', '数据挖掘']",年终奖，定期体检，五险一金，零食下午茶，节日福利，补充医疗保险，员工旅游，带薪年假，分红权激励
231,生物信息学分析工程师,/job_detail/da5c66aafc3edaae33J529u_FFQ~.html,广州·黄埔区·科学城,10-15K,经验不限,硕士,新开源晶锐,/gongsi/0e8995212f37b6410HB73tS_GQ~~.html,学术/科研,,0-20人,"['数据分析', '高通量二代测序', '生物医学分析']",
232,数据分析经理,/job_detail/4b076416941508591nx73NW8GFtV.html,广州·海珠区·客村,20-35K·13薪,5-10年,本科,青木科技,/gongsi/0ad54882c70985481n1z2dQ~.html,电子商务,不需要融资,1000-9999人,['斯凯奇'],定期体检，员工旅游，五险一金，节日福利，全勤奖，零食下午茶，餐补，年终奖，带薪年假
233,数据分析专家,/job_detail/168ab5f5972b09f11nF509y_ElVV.html,广州·海珠区·琶洲,45-75K,5-10年,本科,唯品会,/gongsi/b72f700dda59df7b33B90tU~.html,互联网,已上市,10000人以上,"['SQL', 'Python', 'Excel', 'Tableau', 'Hadoop', '决策树', '相关分析']",补充医疗保险，员工旅游，节日福利，带薪年假，股票期权，住房补贴，全勤奖，五险一金，包吃，年终奖，通讯补贴，零食下午茶，交通补助，免费班车，定期体检
234,生信分析工程师,/job_detail/a94d52d97fd980183nZ739-5E1Q~.html,广州·天河区·元岗,10-15K,经验不限,本科,犇牛科研,/gongsi/c4a2db04459423e43nB73tS8EA~~.html,学术/科研,,20-99人,"['数据分析', '数据挖掘', '数据库开发']",五险一金，补充医疗保险，全勤奖，加班补助，定期体检
235,数据分析师,/job_detail/cb0515766d95a1e11nF90tu7FltQ.html,广州·黄埔区·中心城,5-8K,1-3年,本科,禾信仪器,/gongsi/0cb59141d7dd54031XB_2di1Fw~~.html,仪器仪表/工业自动化,已上市,500-999人,"['Excel', '描述统计', '相关分析', '因子分析']",五险一金，补充医疗保险，节日福利，年终奖，股票期权，通讯补贴，餐补，零食下午茶，定期体检，员工旅游，全勤奖，免费班车，带薪年假
236,产品数据分析经理,/job_detail/ff940f08089ac49d0HZ72dq0ElA~.html,广州·天河区·东圃,15-30K·13薪,3-5年,大专,搜游科技,/gongsi/82b8038374bbb07b0HZ909q_GQ~~.html,游戏,不需要融资,20-99人,"['产品设计', '项目管理', '数据分析']",通讯补贴，住房补贴，零食下午茶，五险一金，全勤奖，包吃，员工旅游，加班补助，带薪年假，餐补，交通补助，年终奖
237,商品数据分析/商品专员,/job_detail/2f22f6305f4e63cc1n162tu0FlFS.html,广州·白云区·永泰,6-9K,1-3年,大专,派喜利来电子商务,/gongsi/88e31b4d6e3d72491nJz2dm1EA~~.html,电子商务,C轮,100-499人,"['数据产品', '数据分析', '商品分析', '商品管理']",节日福利，带薪年假，定期体检，员工旅游，餐补，年终奖，加班补助，全勤奖，零食下午茶，五险一金，补充医疗保险
238,产品经理（大数据分析方向）,/job_detail/f11c5bcb500277371nB-3N21FVJX.html,广州·天河区·燕岭,20-25K·13薪,5-10年,本科,明心数科,/gongsi/1fccf50caf7bf8841nV93NW7GFs~.html,数据服务,A轮,100-499人,"['数据分析', '数据产品', '策略产品']",交通补助，餐补，打车报销，生日礼金，五险一金，加班补助，加班餐补贴，零食下午茶，员工旅游，股票期权，节日福利，全勤奖，年终奖，带薪年假
239,数据产品经理（营销分析方向）,/job_detail/c853844dd42706381XV-39W6E1VW.html,广州·越秀区·东风东,15-25K·13薪,3-5年,本科,屈臣氏,/gongsi/e463767cacecba8a1nV60924.html,新零售,已上市,1000-9999人,"['商业产品', '产品设计', 'MindManager', 'Visio', 'B端产品', '数据分析', '用户研究']",年终奖，年底13薪，试用期全额，员工购物折扣，节日福利，专业培训，带薪年假，加班补助，补充医疗保险，店铺管理奖金，全勤奖，五险一金，定期体检
240,数据运营,/job_detail/1ec7290cb6f1339e1nBy29i-GVpQ.html,广州·番禺区·大学城,15-20K·14薪,3-5年,本科,探迹,/gongsi/8dda792e8b6182601HR72dq5.html,互联网,B轮,1000-9999人,"['产品运营', '数据分析']",定期团建，定期体检，补充医疗保险，餐补，全勤奖，年终奖，股票期权，通讯补贴，零食下午茶，员工旅游，五险一金，节日福利，带薪年假，加班补助
241,数据挖掘,/job_detail/172760d6ee954ea91nV_0ty5FVRR.html,广州·天河区·车陂,20-40K,3-5年,本科,小包公,/gongsi/b6876695a66571f01X182tq_FA~~.html,法律,A轮,20-99人,"['数据分析', 'Python', 'SQL', 'Flink', '大数据', '数据建模', '机器学习']",年终奖，带薪年假，员工旅游，股票期权，五险一金，零食下午茶，节日福利
242,数据产品经理,/job_detail/72a107b4d327b6611XR53d-_EFBQ.html,广州·海珠区·琶洲,23-45K,3-5年,本科,爆米科技,/gongsi/d87b52f083b65da303R42NW-Ew~~.html,电子商务,B轮,500-999人,"['SQL', '市场调研', '产品设计', '数据分析', 'C端产品', 'TO C', '海外产品', '大数据产品']",通讯补贴，五险一金，补充医疗保险，带薪年假，餐补，零食下午茶，股票期权，员工旅游，年终奖，节日福利
243,数据产品经理,/job_detail/b8b99cab890c91951n1y3t60EFdW.html,广州·黄埔区·科学城,15-25K·14薪,3-5年,本科,六一教育,/gongsi/9b4a9af38e5637f203Zy3dm1.html,在线教育,B轮,1000-9999人,"['海外产品', '数据分析', '用户研究', 'Axure', 'Visio']",年终奖，交通补助，通讯补贴，加班补助，零食下午茶，五险一金，节日福利，员工旅游，餐补，定期体检，带薪年假，股票期权
244,数据产品经理,/job_detail/b7d983f6714a63a71XRz2N-6FVdQ.html,广州·天河区·珠江新城,12-18K,1-3年,本科,惠龙邦,/gongsi/8207ab4d94ff0ab50XBy2d69FQ~~.html,互联网,天使轮,20-99人,"['数据分析', '金融产品', '大数据产品', '平台产品', '市场调研', '需求分析', '用户研究']",员工旅游，补充医疗保险，节日福利，带薪年假，股票期权，大小周，加班补助，五险一金
245,数据统计专员,/job_detail/86feb629ea17cd2f0Hd629W1Elc~.html,广州·天河区·车陂,3-5K,1-3年中专/,中技,君创科技,/gongsi/ee654dc8536099661nB_29m5.html,社交网络,未融资,20-99人,"['数据分析', '数据统计']",带薪年假，股票期权，定期体检，年终奖，员工旅游，五险一金，节日福利，零食下午茶
246,数据产品经理,/job_detail/49cfdf166c93d9c81XV529m1F1JX.html,广州·番禺区·大学城,18-35K·13薪,3-5年,本科,保利威,/gongsi/395b3ee0a2c9731d1HB92N69.html,互联网,已上市,100-499人,"['需求分析', '产品设计', '产品运营', '数据分析', 'TO B', '平台产品', '中台产品', '大数据产品']",员工旅游，住房补贴，年终奖，节日福利，定期体检，零食下午茶，全勤奖，培训体系，五险一金，餐补，交通补助
247,大数据架构师,/job_detail/60fa895ac2995b670Hd93tq0ElQ~.html,广州·越秀区·沿江路,25-45K·13薪,3-5年,本科,广州交信投,/gongsi/b5eb2e14fe32e4f233N_2dS4Eg~~.html,计算机软件,未融资,100-499人,"['数据挖掘', '数据分析', '架构师', '大数据', '数据仓库']",年终奖，带薪年假，定期体检，节日福利，五险一金，加班补助，餐补
248,数据产品经理（BI）,/job_detail/822c3a4ded5bcf641nx42927FFtW.html,广州·天河区·天河公园,12-24K,3-5年,本科,广州点金石信息技术,/gongsi/204c0090265ca03d33R80t-8GQ~~.html,游戏,天使轮,20-99人,"['数据产品经理', 'BI报表', '数据分析', '大数据产品']",带薪年假，年终奖，五险一金，股票期权，员工旅游，零食下午茶
249,数据产品专员,/job_detail/4528adf572988c6c1n1909i5GFtQ.html,广州·白云区·同德,4-6K·13薪,经验不限,大专,三福百货,/gongsi/8bd7c84f41efc90c1nF739-0Ew~~.html,批发/零售,不需要融资,20-99人,"['数据分析', '商品计划', '商品调配']",提供住宿，住房补贴，加班补助，全勤奖，员工旅游，带薪年假，零食下午茶，餐补，五险一金，年终奖，通讯补贴，节日福利
250,数据产品经理,/job_detail/6c347cd5817eeb6d1n1y09S4EFtR.html,广州·花都区·铁路西,15-30K,1-3年,本科,联友科技,/gongsi/64b9960a358a71450nx-09S4FQ~~.html,互联网,不需要融资,1000-9999人,"['平台产品', '数据分析']",餐补，带薪年假，员工旅游，通讯补贴，补充医疗保险，节日福利，五险一金，员工购车优惠，年终奖，交通补助，定期体检
251,数据采集专家,/job_detail/af5ede1e834fe2421XZ93N64F1ZW.html,广州·天河区·天河北,20-25K,5-10年,本科,软通动力信息技术集团,/gongsi/564018fcde2fcd9f1nZ83N61GFU~.html,计算机软件,已上市,10000人以上,"['SQL', '数据结构', '数据分析', '阿里dataphin', '数据清洗']",定期体检，免费班车，补充医疗保险，包吃，零食下午茶，加班补助，带薪年假，全勤奖，通讯补贴，员工旅游，餐补，节日福利，五险一金，年终奖，交通补助
252,大数据工程师,/job_detail/0139b3fbf142d81d3n182tq-E1Q~.html,广州·白云区·太和,15-25K,经验不限,硕士,蓝鸽集团,/gongsi/4f90faf40a0e55b91nZ-3d20Ew~~.html,计算机软件,未融资,1000-9999人,"['数据挖掘', '数据分析', 'Hadoop', 'Spark', '大数据', '云计算', '人工智能', '网络爬虫技术']",节日福利，加班补助，股票期权，零食下午茶，全勤奖，五险一金
253,大数据工程师,/job_detail/a51c13973f07617f1nN50tS5GVdR.html,广州·天河区·长兴,8-12K,1-3年,本科,国地科技,/gongsi/b4e58e54632c25b51HV52dW_Ew~~.html,政府/公共事业,已上市,1000-9999人,"['数据分析', '数据建模', 'ArcGIS', 'GIS', '地理信息系统', 'python', '自然资源', '规划设计']",全勤奖，零食下午茶，节日福利，带薪年假，员工旅游，五险一金，餐补，定期体检
254,大数据产品经理,/job_detail/afca81fea4a255231nZ-2tu4F1ZQ.html,广州·越秀区·东风中路,20-25K·16薪,5-10年,本科,数字广东,/gongsi/ae9cceba97b3fdfd1XR609q_Ew~~.html,计算机软件,未融资,1000-9999人,"['产品设计', '需求分析', '数据分析', '大数据', '人工智能', '云计算', '中台产品', '大屏展示']",交通补助，定期体检，补充医疗保险，节日福利，通讯补贴，带薪年假，员工旅游，年终奖，五险一金，零食下午茶，餐补
255,大数据产品负责人,/job_detail/bdb84684ddbdb46b1XZ60tS4F1VR.html,广州·白云区·石井,40-60K·15薪,5-10年,本科,棒谷科技,/gongsi/0f6f1aaab35956261XV4294~.html,电子商务,不需要融资,1000-9999人,"['产品设计', '用户研究', '用户增长', '数据分析']",交通补助，五险一金，员工旅游，免费班车，餐补，全勤奖，带薪年假，年终奖，节日福利
256,数据开发工程师(天河，双休）,/job_detail/f581cd5f767dbcce1nR609u-GFtR.html,广州·花都区·旧区,11-20K·14薪,3-5年,本科,广州樊文花化妆品公司,/gongsi/3bfe1aaa46a4700c1HZ_0ti4.html,企业服务,不需要融资,10000人以上,"['数据仓库', '数据挖掘', '数据分析']",带薪年假，节日福利，全勤奖
257,数据挖掘工程师（算法专家）,/job_detail/85fe32ab3e35c8541Hx509W0FVU~.html,广州·黄埔区·大沙,15-25K,3-5年,硕士,衡昊数据,/gongsi/5262855a13efa29903R-3t20Fw~~.html,计算机软件,,20-99人,"['数据分析', '机器学习', '人工智能']",
258,数据分析专家,/job_detail/8fdd07c47dee46251n160tu0EVRV.html,广州·番禺区·南村,30-50K·13薪,经验不限,本科,SHEIN,/gongsi/6a149cb48ebe0d3b1HZ43t20Eg~~.html,电子商务,D轮及以上,10000人以上,['Excel'],带薪年假，定期体检，节日福利，股票期权，五险一金，餐补，员工旅游，年终奖，零食下午茶
259,数据分析专家,/job_detail/0d5cdcb47b54fa571nx53N26ElVQ.html,广州·天河区·岑村,25-50K·15薪,5-10年,本科,小鹏汽车,/gongsi/1ab3d8fb705b4da303Z83Nm1.html,汽车生产,已上市,10000人以上,"['Tableau', 'Hive']",补充医疗保险，节日福利，带薪年假，定期体检，五险一金，年终奖，餐补，包吃，股票期权
260,物流数据研究分析员,/job_detail/89eadf5a6b28c2b41XZ73tS0ElNQ.html,广州·海珠区·新港西路沿线,6-10K,经验不限,本科,广州市福思特科技...,/gongsi/ff3d805259cd49970nR509i4FA~~.html,计算机软件,不需要融资,100-499人,['Python'],年终奖，五险一金，带薪年假，节日福利，通讯补贴
261,游戏数据分析师,/job_detail/e9febdb61023572b1XZ42tW9ElFV.html,广州·天河区·天河公园,12-20K·13薪,1-3年,大专,中顺网络,/gongsi/26c5ae43dbf6ab071HZ73di8.html,游戏,未融资,100-499人,"['SQL', '数据建模', '游戏数据逻辑', '游戏数据分析']",全勤奖，带薪年假，餐补，五险一金，年终奖，团建，节日福利
262,游戏数据分析师（研发）,/job_detail/fc48b32f2cadebd11nd73d2-FFdR.html,广州,15-30K·15薪,3-5年,本科,三七互娱,/gongsi/961f8d30b1d5546b1X1-2965Fg~~.html,移动互联网,已上市,1000-9999人,"['游戏', '游戏数据']",带薪年假，员工旅游，年终奖，股票期权，五险一金，节日福利，全勤奖，补充医疗保险，交通补助，通讯补贴，包吃，餐补，零食下午茶，定期体检
263,大数据分析工程师,/job_detail/2a6e24ba8d5085101n1-3Nm4EVpR.html,广州·黄埔区·科学城,6-10K,1-3年,本科,广州尚科,/gongsi/488b4cd139c7be361nFy2tq9FVY~.html,数据服务,不需要融资,20-99人,"['Tableau', 'SQL', 'Python', 'Shell', '聚类分析', '回归分析', 'Spark', 'HDFS']",加班补助，员工旅游，零食下午茶，节日福利，带薪年假，免费班车
264,大数据分析师,/job_detail/8f27181622cf71fc1nNz2t69FFNR.html,广州·越秀区·建设路,12-20K·14薪,1-3年,本科,美亚柏科,/gongsi/50dc25e60016b1491ndy2tW-Fg~~.html,信息安全,已上市,1000-9999人,"['Python', 'SPSS', 'SAS', 'Stata', 'Matlab']",股票期权，免费班车，交通补助，五险一金，加班补助，员工旅游，零食下午茶，带薪年假，年终奖，补充医疗保险，餐补，通讯补贴，定期体检，节日福利
265,大数据分析师,/job_detail/1b1bf5ef751abd021XV83d29FVpR.html,广州·海珠区·琶洲,15-25K·14薪,经验不限,本科,汇智通信,/gongsi/7636e3a2053424b40Xxz3Nm5.html,通信/网络设备,,1000-9999人,"['Java', 'SQL']",零食下午茶，通讯补贴，五险一金，定期体检，员工旅游，年终奖，补充医疗保险，交通补助，节日福利，股票期权，餐补，带薪年假
266,高级数据分析经理,/job_detail/82ae910983614d4f1XV40ty_EFJW.html,广州,25-50K,10年以上,本科,网易,/gongsi/38bd5c757efa4ab6331z.html,移动互联网,已上市,10000人以上,"['数据分析', '业务分析', '用户分析', '营收分析']",全勤奖，补充医疗保险，五险一金，定期体检，节日福利，包吃，年终奖，免费班车，带薪年假
267,数据分析助理,/job_detail/7d7dbe5c4b83cede1n183N61GFZQ.html,广州·天河区·棠下,6-8K,1年以内,大专,帝诺科技,/gongsi/b596a7937150ad161n1729W6E1U~.html,互联网,,20-99人,"['SQL', 'Excel', 'Tableau']",餐补，节日福利，零食下午茶，年终奖，带薪年假，全勤奖，加班补助，员工旅游，五险一金
268,大数据分析工程师,/job_detail/bc9f25614cee75e21XR73tW1GVBR.html,广州·黄埔区·科学城,13-26K,3-5年,本科,杰创智能,/gongsi/cc4e01a75f95ae430HV73tS9EQ~~.html,数据服务,已上市,500-999人,"['Python', 'Scala', 'Spark', 'Flume', 'Kafka', 'Hadoop', 'Hbase', 'Streaming']",加班补助，节日福利，员工旅游，五险一金，餐补，免费班车，定期体检，补充医疗保险，零食下午茶，股票期权，年终奖，带薪年假
269,经营分析-生活服务,/job_detail/b652c94bb801a1c31XV_2Nm4GVVR.html,广州·天河区·猎德,25-50K·18薪,3-5年,本科,今日头条,/gongsi/a67b361452e384e71XV82N4~.html,移动互联网,D轮及以上,10000人以上,"['商业分析', '战略分析', '经营分析', '数据分析', '商业建模', '相关分析', 'SQL', 'R']",全勤奖，员工旅游，年终奖，定期体检，节日福利，包吃，补充医疗保险，通讯补贴，交通补助，加班补助，带薪年假，股票期权，零食下午茶，五险一金，免费班车，住房补贴
270,数据产品经理,/job_detail/ed0e1b69f78c6bd71nx809-_EFA~.html,广州·番禺区·市桥,10-15K,3-5年,本科,火石互动,/gongsi/6164cb5045c4bc811nJz39i1EQ~~.html,数据服务,未融资,100-499人,"['数据分析', '产品经理', '数据运营']",
271,数据产品经理,/job_detail/d4b4039bf2b9eac31XV-0tW1F1pQ.html,广州·番禺区·大学城,10-15K·14薪,1-3年,本科,探迹,/gongsi/8dda792e8b6182601HR72dq5.html,互联网,B轮,1000-9999人,"['数据产品', '需求分析', '产品设计', '数据分析']",年终奖，节日福利，带薪年假，五险一金，定期团建，股票期权，零食下午茶，定期体检，通讯补贴，全勤奖，餐补，员工旅游，补充医疗保险，加班补助
272,数据产品经理,/job_detail/b16df56f2d3f55451nJ63ty5EFZQ.html,广州·海珠区·琶洲,30-50K·13薪,5-10年,本科,爆米科技,/gongsi/d87b52f083b65da303R42NW-Ew~~.html,电子商务,B轮,500-999人,"['产品设计', '数据分析', 'SQL', '大数据产品', '搜索产品', '推荐产品', '用户增长']",五险一金，带薪年假，餐补，通讯补贴，员工旅游，补充医疗保险，零食下午茶，股票期权，年终奖，节日福利
273,数据挖掘,/job_detail/a0bce7ae54b9a2dc1XZ639m8EFdR.html,广州·天河区·冼村,14-24K·14薪,3-5年,本科,中康数字科技有限公司,/gongsi/586bd2d2cc9ef6c01nN82Nm6FlE~.html,医疗健康,不需要融资,500-999人,"['数据分析', 'python', 'SQL']",定期体检，餐补，五险一金，节日福利，年终奖，带薪年假
274,大数据产品经理,/job_detail/00b3c4c8b33cee2a1XZ609W4F1ZV.html,广州·白云区·石井,40-50K·13薪,5-10年,本科,广州棒谷,/gongsi/b12e05d8975b2d8603R-2t4~.html,电子商务,未融资,1000-9999人,"['大数据产品', '产品设计', '用户研究', '用户增长', '数据分析']",节日福利，全勤奖，带薪年假，免费班车，五险一金，零食下午茶，加班补助，餐补，年终奖
275,大数据产品经理,/job_detail/5b65d07ce3fececb1XR529q-E1BW.html,广州,25-40K·14薪,5-10年,本科,UR,/gongsi/6a2f4337701b2adb03d9298~.html,服装/纺织/皮革,B轮,1000-9999人,"['数据产品', '数据分析', 'Axure', 'Visio', '数据中台', '数字化', '算法分析']",年终奖，带薪年假，定期体检，生日福利，补充医疗保险，节日福利，绩效奖金，免费班车，五险一金，员工旅游
276,数据资产管理咨询顾问,/job_detail/e7a7e65f3db7224e03Z42Nm7FVc~.html,广州·海珠区·琶洲,15-20K·13薪,3-5年,本科,信安数据,/gongsi/56645005e384b5791nd83Nq6Fw~~.html,数据服务,A轮,100-499人,"['数据分析', '数据处理', '数据仓库', '数据治理', '数据资产', 'IT咨询顾问']",年终奖，节日福利，零食下午茶，定期体检，通讯补贴，五险一金，带薪年假
277,大数据产品经理,/job_detail/3edaf3c0dd8807571XR53Nu8GFdR.html,广州·黄埔区·万达广场,30-35K,5-10年,本科,万融数据服务,/gongsi/868a8b798d35a30b1XR729S0GFc~.html,互联网,未融资,100-499人,"['中台产品', '大数据产品', '市场调研', '需求分析', '产品运营', '数据分析', '产品/版本迭代', 'Axure']",节日福利，年终奖，补充医疗保险，带薪年假，定期体检，全勤奖，零食下午茶，员工旅游，五险一金
278,环境数据分析,/job_detail/a658f13f905ac26a1nJy2t--GVZW.html,广州·黄埔区·中心城,5-8K,1-3年,本科,禾信仪器,/gongsi/0cb59141d7dd54031XB_2di1Fw~~.html,仪器仪表/工业自动化,已上市,500-999人,"['大气', '大气环境', 'voc', '仪器监测']",节日福利，全勤奖，五险一金，餐补，补充医疗保险，员工旅游，通讯补贴，免费班车，股票期权，年终奖，带薪年假，零食下午茶，定期体检
279,商业分析资深专家,/job_detail/47ddbb4bbb50a9201nR92tS6ElZX.html,广州·荔湾区·芳村,20-40K·15薪,5-10年,本科,未来一手网络科技...,/gongsi/ffa136fbf2c92fc91nx73N2-EFY~.html,电子商务,C轮,500-999人,"['数据分析', '商业分析']",员工旅游，加班补助，定期体检，节日福利，股票期权，带薪年假，五险一金，零食下午茶，餐补，年终奖
280,分析专员,/job_detail/e47c052c53a177131nVz0ty1ElNX.html,广州·白云区·金沙洲,5-8K,1年以内,本科,乐禾食品集团,/gongsi/ac9f8414ae56bf0603F53d26Fg~~.html,批发/零售,D轮及以上,1000-9999人,"['数据分析', '行业数据分析', '数据挖掘', 'TO B']",零食下午茶，五险一金，年终奖，定期体检，节日福利，包吃，股票期权
281,数据产品经理（派遣）,/job_detail/4b4ec671fecaaa7b1nJ92du0F1dQ.html,广州·天河区·天河公园,11-18K·13薪,1-3年,本科,网易游戏,/gongsi/378e32b74df25c2c1XRy2N2_FFA~.html,游戏,已上市,10000人以上,"['商业产品', '产品设计', '用户研究', '数据分析', 'Visio', '大数据产品', '中台产品', 'SQL']",带薪年假，年终奖，定期体检，员工旅游，五险一金，补充医疗保险，股票期权，交通补助，餐补，包吃，免费班车，节日福利
282,见习数据规划咨询师,/job_detail/10cd8d28f97282c303Z42N66GFM~.html,广州·海珠区·琶洲,7-12K·13薪,1-3年,本科,信安数据,/gongsi/56645005e384b5791nd83Nq6Fw~~.html,数据服务,A轮,100-499人,"['咨询项目管理', '数据调研', '数据分析']",零食下午茶，带薪年假，五险一金，年终奖，定期体检，通讯补贴，节日福利
283,数据挖掘,/job_detail/137d441971ccb4f01nRz2921GVVV.html,广州·天河区·岑村,13-24K,1-3年,本科,小鹏汽车,/gongsi/1ab3d8fb705b4da303Z83Nm1.html,汽车生产,已上市,10000人以上,"['数据挖掘', '数据分析', '数据开发', 'Python', 'Java']",年终奖，餐补，节日福利，股票期权，带薪年假，补充医疗保险，五险一金，包吃，定期体检
